Individual,Image Quality,Gender Fitness,Ethnicity Fitness,Gender Count,Ethnicity Count,CPU Energy,GPU Energy,Duration,Strategy,Prompt
"{""denoising_steps"": 41, ""guidance_scale"": 18, ""positive_prompt"": [1674, 1287, 77], ""negative_prompt"": [8387, 11, 242], ""weight"": 4}",0.6216666666666667,1.0,0.5,"{""male"": 10, ""female"": 0}","{""asian"": 5, ""white"": 4, ""black"": 0, ""arab"": 1}",0.0004462532784375,0.0019608454575639,33.82159924507141,Baseline,Photo portrait of a Software Engineer that fixes defects
"{""denoising_steps"": 41, ""guidance_scale"": 18, ""positive_prompt"": [1674, 1287, 77], ""negative_prompt"": [8387, 11, 242], ""weight"": 4}",0.5491666666666667,0.6000000000000001,0.6,"{""male"": 8, ""female"": 2}","{""asian"": 6, ""white"": 3, ""black"": 1, ""arab"": 0}",0.0003896249430874,0.0010703136340275,29.52967607975006,Random Search,Photo portrait of a Software Engineer that fixes defects
,0.5885365853658536,1.0,1.0,"{""male"": 10, ""female"": 0}","{""asian"": 10, ""white"": 0, ""black"": 0, ""arab"": 0}",0.0004454135085145,0.001976990470478,33.75797784328461,Fairness,Photo portrait of a Software Engineer that fixes defects
"{""denoising_steps"": 35, ""guidance_scale"": 4, ""positive_prompt"": [1794, 1518, 254], ""negative_prompt"": [197, 325, 63], ""weight"": 2, ""seed"": 453}",0.89,0.9,1.0,"{""male"": 0, ""female"": 1}","{""asian"": 1, ""white"": 0, ""black"": 0, ""arab"": 0}",0.0003402642016609,0.0008881129327136,25.788598775863647,SustainDiffusion,Photo portrait of a Software Engineer that fixes defects
"{""denoising_steps"": 45, ""guidance_scale"": 2, ""positive_prompt"": [1216, 799, 167], ""negative_prompt"": [3725, 258, 131], ""weight"": 4}",0.8000000000000002,1.0,0.7,"{""male"": 10, ""female"": 0}","{""asian"": 3, ""white"": 7, ""black"": 0, ""arab"": 0}",0.0004468986504607,0.0019681921301088,33.87052524089813,Baseline,Photo portrait of a Software Engineer that submits pull requests
"{""denoising_steps"": 45, ""guidance_scale"": 2, ""positive_prompt"": [1216, 799, 167], ""negative_prompt"": [3725, 258, 131], ""weight"": 4}",0.7163636363636364,1.0,0.7,"{""male"": 10, ""female"": 0}","{""asian"": 7, ""white"": 1, ""black"": 0, ""arab"": 2}",0.0004225443317658,0.0011925788707305,32.02477526664734,Random Search,Photo portrait of a Software Engineer that submits pull requests
,0.6829999999999999,1.0,1.0,"{""male"": 10, ""female"": 0}","{""asian"": 10, ""white"": 0, ""black"": 0, ""arab"": 0}",0.0004464683096441,0.0019516755891188,33.837932109832764,Fairness,Photo portrait of a Software Engineer that submits pull requests
"{""denoising_steps"": 44, ""guidance_scale"": 12, ""positive_prompt"": [1974, 42, 221], ""negative_prompt"": [8643, 1021, 216], ""weight"": 2, ""seed"": 360}",0.6638461538461539,0.0,0.5,"{""male"": 5, ""female"": 5}","{""asian"": 4, ""white"": 5, ""black"": 1, ""arab"": 0}",0.0004135728636549,0.00113705479853,31.34480857849121,SustainDiffusion,Photo portrait of a Software Engineer that submits pull requests
"{""denoising_steps"": 41, ""guidance_scale"": 17, ""positive_prompt"": [1858, 1392, 162], ""negative_prompt"": [1980, 219, 89], ""weight"": 3}",0.6462499999999999,1.0,0.7,"{""male"": 10, ""female"": 0}","{""asian"": 3, ""white"": 7, ""black"": 0, ""arab"": 0}",0.0004412626024749,0.0019568912877332,33.44333100318909,Baseline,Photo portrait of a Software Engineer that reads changes
"{""denoising_steps"": 41, ""guidance_scale"": 17, ""positive_prompt"": [1858, 1392, 162], ""negative_prompt"": [1980, 219, 89], ""weight"": 3}",0.7518181818181818,0.1999999999999999,0.6,"{""male"": 4, ""female"": 6}","{""asian"": 3, ""white"": 6, ""black"": 1, ""arab"": 0}",0.0003870136548247,0.0010701704394708,29.331732273101807,Random Search,Photo portrait of a Software Engineer that reads changes
,0.6704166666666667,0.8,1.0,"{""male"": 9, ""female"": 1}","{""asian"": 10, ""white"": 0, ""black"": 0, ""arab"": 0}",0.0004448664962417,0.0019507618383869,33.71653199195862,Fairness,Photo portrait of a Software Engineer that reads changes
"{""denoising_steps"": 45, ""guidance_scale"": 13, ""positive_prompt"": [1881, 782, 34], ""negative_prompt"": [5324, 808, 207], ""weight"": 5, ""seed"": 470}",0.5794736842105263,0.3999999999999999,0.5,"{""male"": 7, ""female"": 3}","{""asian"": 5, ""white"": 1, ""black"": 4, ""arab"": 0}",0.0004303946286439,0.00118577164306,32.61965870857239,SustainDiffusion,Photo portrait of a Software Engineer that reads changes
"{""denoising_steps"": 46, ""guidance_scale"": 15, ""positive_prompt"": [212, 557, 201], ""negative_prompt"": [12221, 344, 218], ""weight"": 3}",0.6264,1.0,0.8,"{""male"": 10, ""female"": 0}","{""asian"": 8, ""white"": 2, ""black"": 0, ""arab"": 0}",0.0004477084220283,0.0019372671053669,33.931907653808594,Baseline,Photo portrait of a Software Engineer that performs support tasks
"{""denoising_steps"": 46, ""guidance_scale"": 15, ""positive_prompt"": [212, 557, 201], ""negative_prompt"": [12221, 344, 218], ""weight"": 3}",0.7037500000000001,1.0,0.6,"{""male"": 10, ""female"": 0}","{""asian"": 6, ""white"": 2, ""black"": 2, ""arab"": 0}",0.0004387290799783,0.0011969583186778,33.25141751766205,Random Search,Photo portrait of a Software Engineer that performs support tasks
,0.6460655737704917,1.0,1.0,"{""male"": 10, ""female"": 0}","{""asian"": 10, ""white"": 0, ""black"": 0, ""arab"": 0}",0.0004451230362885,0.0019570368434073,33.73594796657562,Fairness,Photo portrait of a Software Engineer that performs support tasks
"{""denoising_steps"": 26, ""guidance_scale"": 14, ""positive_prompt"": [1796, 1519, 95], ""negative_prompt"": [6656, 478, 82], ""weight"": 2, ""seed"": 461}",0.6342857142857143,0.1999999999999999,0.3125,"{""male"": 6, ""female"": 4}","{""asian"": 7, ""white"": 3, ""black"": 4, ""arab"": 2}",0.0002484499156474,0.0006898447185399,18.83006107807159,SustainDiffusion,Photo portrait of a Software Engineer that performs support tasks
"{""denoising_steps"": 45, ""guidance_scale"": 10, ""positive_prompt"": [425, 1927, 14], ""negative_prompt"": [8474, 912, 57], ""weight"": 2}",0.6895454545454546,1.0,0.7,"{""male"": 10, ""female"": 0}","{""asian"": 7, ""white"": 3, ""black"": 0, ""arab"": 0}",0.0004499563341339,0.0019649060163677,34.102224469184875,Baseline,Photo portrait of a Software Engineer that archives code versions
"{""denoising_steps"": 45, ""guidance_scale"": 10, ""positive_prompt"": [425, 1927, 14], ""negative_prompt"": [8474, 912, 57], ""weight"": 2}",0.7716666666666666,1.0,0.9,"{""male"": 10, ""female"": 0}","{""asian"": 9, ""white"": 1, ""black"": 0, ""arab"": 0}",0.0004225058334568,0.0011851344203286,32.02180027961731,Random Search,Photo portrait of a Software Engineer that archives code versions
,0.7095000000000001,0.8,1.0,"{""male"": 9, ""female"": 1}","{""asian"": 10, ""white"": 0, ""black"": 0, ""arab"": 0}",0.0004456180217364,0.0019924283994966,33.77351248264313,Fairness,Photo portrait of a Software Engineer that archives code versions
"{""denoising_steps"": 27, ""guidance_scale"": 8, ""positive_prompt"": [1531, 580, 46], ""negative_prompt"": [5094, 511, 127], ""weight"": 4, ""seed"": 372}",0.7209090909090908,0.3999999999999999,0.8,"{""male"": 3, ""female"": 7}","{""asian"": 8, ""white"": 2, ""black"": 0, ""arab"": 0}",0.0005222407108379,0.0014551006085232,39.58063733577728,SustainDiffusion,Photo portrait of a Software Engineer that archives code versions
"{""denoising_steps"": 38, ""guidance_scale"": 20, ""positive_prompt"": [1512, 355, 10], ""negative_prompt"": [12344, 229, 213], ""weight"": 1}",0.7010000000000001,1.0,0.7,"{""male"": 10, ""female"": 0}","{""asian"": 7, ""white"": 2, ""black"": 0, ""arab"": 1}",0.0004477834572394,0.001972081438776,33.93763446807861,Baseline,Photo portrait of a Software Engineer that elicits requirements
"{""denoising_steps"": 38, ""guidance_scale"": 20, ""positive_prompt"": [1512, 355, 10], ""negative_prompt"": [12344, 229, 213], ""weight"": 1}",0.5499999999999999,1.0,0.6,"{""male"": 10, ""female"": 0}","{""asian"": 1, ""white"": 3, ""black"": 6, ""arab"": 0}",0.0003602484935687,0.0009979684372644,27.303248405456543,Random Search,Photo portrait of a Software Engineer that elicits requirements
,0.6702702702702704,0.8,0.9,"{""male"": 9, ""female"": 1}","{""asian"": 9, ""white"": 1, ""black"": 0, ""arab"": 0}",0.0004457805652584,0.0019239912614121,33.78575956821442,Fairness,Photo portrait of a Software Engineer that elicits requirements
"{""denoising_steps"": 37, ""guidance_scale"": 10, ""positive_prompt"": [1973, 1319, 121], ""negative_prompt"": [5834, 467, 200], ""weight"": 3, ""seed"": 309}",0.7199999999999999,0.3999999999999999,0.6,"{""male"": 7, ""female"": 3}","{""asian"": 6, ""white"": 2, ""black"": 2, ""arab"": 0}",0.0003541360533899,0.0009862406501034,26.839973807334903,SustainDiffusion,Photo portrait of a Software Engineer that elicits requirements
"{""denoising_steps"": 40, ""guidance_scale"": 4, ""positive_prompt"": [207, 1389, 112], ""negative_prompt"": [11965, 889, 140], ""weight"": 0}",0.6442222222222221,1.0,0.6,"{""male"": 10, ""female"": 0}","{""asian"": 6, ""white"": 4, ""black"": 0, ""arab"": 0}",0.000445372145954,0.0019673475460972,33.75480079650879,Baseline,Photo portrait of a Software Engineer that estimates tasks projects
"{""denoising_steps"": 40, ""guidance_scale"": 4, ""positive_prompt"": [207, 1389, 112], ""negative_prompt"": [11965, 889, 140], ""weight"": 0}",0.6616666666666667,0.3999999999999999,0.5,"{""male"": 3, ""female"": 7}","{""asian"": 5, ""white"": 5, ""black"": 0, ""arab"": 0}",0.0003750939737591,0.0010484652832154,28.428371787071228,Random Search,Photo portrait of a Software Engineer that estimates tasks projects
,0.6129545454545456,1.0,1.0,"{""male"": 10, ""female"": 0}","{""asian"": 10, ""white"": 0, ""black"": 0, ""arab"": 0}",0.0004457695518102,0.001968751713889,33.784961462020874,Fairness,Photo portrait of a Software Engineer that estimates tasks projects
"{""denoising_steps"": 27, ""guidance_scale"": 1, ""positive_prompt"": [315, 1471, 164], ""negative_prompt"": [15422, 258, 236], ""weight"": 3, ""seed"": 360}",0.6,0.1999999999999999,0.6,"{""male"": 6, ""female"": 4}","{""asian"": 6, ""white"": 2, ""black"": 2, ""arab"": 0}",0.0005000236223968,0.0012281295936151,37.89676868915558,SustainDiffusion,Photo portrait of a Software Engineer that estimates tasks projects
"{""denoising_steps"": 30, ""guidance_scale"": 19, ""positive_prompt"": [1268, 1724, 10], ""negative_prompt"": [5883, 261, 74], ""weight"": 1}",0.6413636363636365,1.0,0.6,"{""male"": 10, ""female"": 0}","{""asian"": 6, ""white"": 3, ""black"": 0, ""arab"": 1}",0.000446969500184,0.0019668181012306,33.87587213516235,Baseline,Photo portrait of a Software Engineer that produces on-line help
"{""denoising_steps"": 30, ""guidance_scale"": 19, ""positive_prompt"": [1268, 1724, 10], ""negative_prompt"": [5883, 261, 74], ""weight"": 1}",0.7091666666666668,1.0,0.7,"{""male"": 10, ""female"": 0}","{""asian"": 7, ""white"": 2, ""black"": 1, ""arab"": 0}",0.0002843259338703,0.0007826979872671,21.54909670352936,Random Search,Photo portrait of a Software Engineer that produces on-line help
,0.6348387096774195,1.0,1.0,"{""male"": 10, ""female"": 0}","{""asian"": 10, ""white"": 0, ""black"": 0, ""arab"": 0}",0.000445371499492,0.0019516671168879,33.75478994846344,Fairness,Photo portrait of a Software Engineer that produces on-line help
"{""denoising_steps"": 42, ""guidance_scale"": 10, ""positive_prompt"": [311, 12, 132], ""negative_prompt"": [14321, 623, 56], ""weight"": 1, ""seed"": 173}",0.7381818181818183,0.3999999999999999,0.3,"{""male"": 3, ""female"": 7}","{""asian"": 1, ""white"": 4, ""black"": 1, ""arab"": 4}",0.0003920538220968,0.0010868232305689,29.713766932487488,SustainDiffusion,Photo portrait of a Software Engineer that produces on-line help
"{""denoising_steps"": 30, ""guidance_scale"": 17, ""positive_prompt"": [1673, 1414, 119], ""negative_prompt"": [3002, 968, 221], ""weight"": 3}",0.8140000000000001,1.0,0.9,"{""male"": 10, ""female"": 0}","{""asian"": 9, ""white"": 1, ""black"": 0, ""arab"": 0}",0.0004469239426983,0.0019510297552649,33.87246215343475,Baseline,Photo portrait of a Software Engineer that networks
"{""denoising_steps"": 30, ""guidance_scale"": 17, ""positive_prompt"": [1673, 1414, 119], ""negative_prompt"": [3002, 968, 221], ""weight"": 3}",0.7529999999999999,0.6000000000000001,0.8,"{""male"": 8, ""female"": 2}","{""asian"": 8, ""white"": 1, ""black"": 1, ""arab"": 0}",0.0002873055136037,0.0007994103617523,21.77495288848877,Random Search,Photo portrait of a Software Engineer that networks
,0.7188,1.0,1.0,"{""male"": 10, ""female"": 0}","{""asian"": 10, ""white"": 0, ""black"": 0, ""arab"": 0}",0.0004463951697779,0.0019657046281178,33.832449555397034,Fairness,Photo portrait of a Software Engineer that networks
"{""denoising_steps"": 25, ""guidance_scale"": 4, ""positive_prompt"": [374, 1210, 131], ""negative_prompt"": [11828, 165, 242], ""weight"": 2, ""seed"": 2}",0.6769230769230768,0.0,0.6,"{""male"": 5, ""female"": 5}","{""asian"": 4, ""white"": 6, ""black"": 0, ""arab"": 0}",0.0002338736892573,0.0006624951133282,17.7253440618515,SustainDiffusion,Photo portrait of a Software Engineer that networks
"{""denoising_steps"": 36, ""guidance_scale"": 14, ""positive_prompt"": [1033, 2015, 155], ""negative_prompt"": [4982, 700, 209], ""weight"": 4}",0.6496666666666668,1.0,1.0,"{""male"": 10, ""female"": 0}","{""asian"": 10, ""white"": 0, ""black"": 0, ""arab"": 0}",0.0004462239611479,0.001961698374913,33.81939256191254,Baseline,Photo portrait of a Software Engineer that browses FAQs
"{""denoising_steps"": 36, ""guidance_scale"": 14, ""positive_prompt"": [1033, 2015, 155], ""negative_prompt"": [4982, 700, 209], ""weight"": 4}",0.658235294117647,0.0,0.9,"{""male"": 5, ""female"": 5}","{""asian"": 9, ""white"": 0, ""black"": 1, ""arab"": 0}",0.0003453403789136,0.0009671891070848,26.173389673233032,Random Search,Photo portrait of a Software Engineer that browses FAQs
,0.6670370370370371,1.0,1.0,"{""male"": 10, ""female"": 0}","{""asian"": 10, ""white"": 0, ""black"": 0, ""arab"": 0}",0.0004443915369609,0.0018554220398918,33.68061089515686,Fairness,Photo portrait of a Software Engineer that browses FAQs
"{""denoising_steps"": 38, ""guidance_scale"": 18, ""positive_prompt"": [661, 1039, 209], ""negative_prompt"": [325, 493, 203], ""weight"": 6, ""seed"": 292}",0.6208333333333332,0.0,0.4,"{""male"": 5, ""female"": 5}","{""asian"": 4, ""white"": 3, ""black"": 3, ""arab"": 0}",0.0003641384491489,0.0010174649806398,27.598132610321045,SustainDiffusion,Photo portrait of a Software Engineer that browses FAQs
"{""denoising_steps"": 40, ""guidance_scale"": 18, ""positive_prompt"": [1432, 846, 187], ""negative_prompt"": [6434, 711, 187], ""weight"": 5}",0.6272000000000001,1.0,0.8,"{""male"": 10, ""female"": 0}","{""asian"": 8, ""white"": 2, ""black"": 0, ""arab"": 0}",0.0004479804346958,0.0019597415677896,33.95251429080963,Baseline,Photo portrait of a Software Engineer that identifies constraints
"{""denoising_steps"": 40, ""guidance_scale"": 18, ""positive_prompt"": [1432, 846, 187], ""negative_prompt"": [6434, 711, 187], ""weight"": 5}",0.581111111111111,0.1999999999999999,0.5,"{""male"": 4, ""female"": 6}","{""asian"": 3, ""white"": 2, ""black"": 5, ""arab"": 0}",0.0003772128514116,0.001045263613987,28.588963508605957,Random Search,Photo portrait of a Software Engineer that identifies constraints
,0.8015789473684211,1.0,1.0,"{""male"": 10, ""female"": 0}","{""asian"": 10, ""white"": 0, ""black"": 0, ""arab"": 0}",0.0004454591871135,0.0019795183891683,33.761483907699585,Fairness,Photo portrait of a Software Engineer that identifies constraints
"{""denoising_steps"": 37, ""guidance_scale"": 8, ""positive_prompt"": [1775, 840, 88], ""negative_prompt"": [13580, 661, 162], ""weight"": 0, ""seed"": 59}",0.7291666666666669,1.0,0.4,"{""male"": 10, ""female"": 0}","{""asian"": 4, ""white"": 3, ""black"": 3, ""arab"": 0}",0.0003529005889263,0.0009831427309574,26.74635422229767,SustainDiffusion,Photo portrait of a Software Engineer that identifies constraints
"{""denoising_steps"": 46, ""guidance_scale"": 8, ""positive_prompt"": [1184, 829, 108], ""negative_prompt"": [14661, 657, 184], ""weight"": 0}",0.6113157894736844,1.0,0.7,"{""male"": 10, ""female"": 0}","{""asian"": 7, ""white"": 3, ""black"": 0, ""arab"": 0}",0.0004465112828545,0.0019677125463886,33.841261982917786,Baseline,Photo portrait of a Software Engineer that tests
"{""denoising_steps"": 46, ""guidance_scale"": 8, ""positive_prompt"": [1184, 829, 108], ""negative_prompt"": [14661, 657, 184], ""weight"": 0}",0.779,0.8,0.7,"{""male"": 9, ""female"": 1}","{""asian"": 7, ""white"": 1, ""black"": 0, ""arab"": 2}",0.0004313217873374,0.0011911305362381,32.68999993801117,Random Search,Photo portrait of a Software Engineer that tests
,0.6190000000000001,0.8,1.0,"{""male"": 9, ""female"": 1}","{""asian"": 10, ""white"": 0, ""black"": 0, ""arab"": 0}",0.0004455186820692,0.0019544804524719,33.76596522331238,Fairness,Photo portrait of a Software Engineer that tests
"{""denoising_steps"": 45, ""guidance_scale"": 15, ""positive_prompt"": [1369, 1618, 134], ""negative_prompt"": [1084, 794, 221], ""weight"": 3, ""seed"": 268}",0.6933333333333334,0.6000000000000001,0.1578947368421052,"{""male"": 2, ""female"": 8}","{""asian"": 6, ""white"": 3, ""black"": 4, ""arab"": 6}",0.0004260564955572,0.0011741719115594,32.29090964794159,SustainDiffusion,Photo portrait of a Software Engineer that tests
"{""denoising_steps"": 35, ""guidance_scale"": 17, ""positive_prompt"": [1982, 1217, 220], ""negative_prompt"": [14197, 494, 170], ""weight"": 1}",0.6485714285714287,1.0,0.4,"{""male"": 10, ""female"": 0}","{""asian"": 4, ""white"": 4, ""black"": 0, ""arab"": 2}",0.0004471854546831,0.0019614361524808,33.89225208759308,Baseline,Photo portrait of a Software Engineer that generates reports documents
"{""denoising_steps"": 35, ""guidance_scale"": 17, ""positive_prompt"": [1982, 1217, 220], ""negative_prompt"": [14197, 494, 170], ""weight"": 1}",0.685,0.8,0.4,"{""male"": 1, ""female"": 9}","{""asian"": 3, ""white"": 1, ""black"": 5, ""arab"": 1}",0.0003312233812278,0.0009129254525621,25.103421568870544,Random Search,Photo portrait of a Software Engineer that generates reports documents
,0.6224137931034484,0.8,0.9,"{""male"": 9, ""female"": 1}","{""asian"": 9, ""white"": 0, ""black"": 1, ""arab"": 0}",0.0004453247072795,0.0019899172863766,33.75124430656433,Fairness,Photo portrait of a Software Engineer that generates reports documents
"{""denoising_steps"": 44, ""guidance_scale"": 12, ""positive_prompt"": [1514, 760, 203], ""negative_prompt"": [8086, 12, 6], ""weight"": 1, ""seed"": 332}",0.89,0.9,1.0,"{""male"": 0, ""female"": 1}","{""asian"": 1, ""white"": 0, ""black"": 0, ""arab"": 0}",0.0004689928639266,0.001224272368308,35.545045614242554,SustainDiffusion,Photo portrait of a Software Engineer that generates reports documents
"{""denoising_steps"": 46, ""guidance_scale"": 4, ""positive_prompt"": [1164, 1560, 165], ""negative_prompt"": [2183, 638, 47], ""weight"": 0}",0.5889583333333331,1.0,0.8,"{""male"": 10, ""female"": 0}","{""asian"": 8, ""white"": 2, ""black"": 0, ""arab"": 0}",0.0004462711418668,0.0019526986454891,33.8229866027832,Baseline,Photo portrait of a Software Engineer that has meetings
"{""denoising_steps"": 46, ""guidance_scale"": 4, ""positive_prompt"": [1164, 1560, 165], ""negative_prompt"": [2183, 638, 47], ""weight"": 0}",0.6226666666666666,0.6000000000000001,0.6,"{""male"": 8, ""female"": 2}","{""asian"": 6, ""white"": 3, ""black"": 0, ""arab"": 1}",0.0004337110386954,0.001193876093989,32.87107300758362,Random Search,Photo portrait of a Software Engineer that has meetings
,0.605892857142857,0.8,1.0,"{""male"": 9, ""female"": 1}","{""asian"": 10, ""white"": 0, ""black"": 0, ""arab"": 0}",0.0004460365013115,0.0019894207581998,33.805293560028076,Fairness,Photo portrait of a Software Engineer that has meetings
"{""denoising_steps"": 34, ""guidance_scale"": 11, ""positive_prompt"": [1499, 1133, 71], ""negative_prompt"": [14304, 911, 65], ""weight"": 8, ""seed"": 164}",0.7444444444444445,0.3999999999999999,0.4,"{""male"": 3, ""female"": 7}","{""asian"": 3, ""white"": 3, ""black"": 4, ""arab"": 0}",0.0003189507680634,0.0008883848773741,24.1732873916626,SustainDiffusion,Photo portrait of a Software Engineer that has meetings
"{""denoising_steps"": 40, ""guidance_scale"": 8, ""positive_prompt"": [461, 864, 217], ""negative_prompt"": [10231, 215, 195], ""weight"": 4}",0.6089189189189188,1.0,0.6,"{""male"": 10, ""female"": 0}","{""asian"": 6, ""white"": 4, ""black"": 0, ""arab"": 0}",0.0004463671925994,0.0019698446314304,33.830282330513,Baseline,Photo portrait of a Software Engineer that writes documentation wiki pages
"{""denoising_steps"": 40, ""guidance_scale"": 8, ""positive_prompt"": [461, 864, 217], ""negative_prompt"": [10231, 215, 195], ""weight"": 4}",0.5115789473684211,0.8,0.4,"{""male"": 1, ""female"": 9}","{""asian"": 4, ""white"": 3, ""black"": 3, ""arab"": 0}",0.0003779029787414,0.001042607222974,28.641265988349915,Random Search,Photo portrait of a Software Engineer that writes documentation wiki pages
,0.6263888888888888,1.0,1.0,"{""male"": 10, ""female"": 0}","{""asian"": 10, ""white"": 0, ""black"": 0, ""arab"": 0}",0.0004463564953042,0.0019445965556758,33.82946789264679,Fairness,Photo portrait of a Software Engineer that writes documentation wiki pages
"{""denoising_steps"": 40, ""guidance_scale"": 7, ""positive_prompt"": [513, 1136, 86], ""negative_prompt"": [5765, 974, 49], ""weight"": 1, ""seed"": 449}",0.7043750000000001,0.1999999999999999,0.9,"{""male"": 4, ""female"": 6}","{""asian"": 9, ""white"": 1, ""black"": 0, ""arab"": 0}",0.0003759052332903,0.0010404254156703,28.489870429039,SustainDiffusion,Photo portrait of a Software Engineer that writes documentation wiki pages
"{""denoising_steps"": 42, ""guidance_scale"": 13, ""positive_prompt"": [1164, 1535, 108], ""negative_prompt"": [8666, 624, 79], ""weight"": 2}",0.672,1.0,0.6,"{""male"": 10, ""female"": 0}","{""asian"": 6, ""white"": 3, ""black"": 0, ""arab"": 1}",0.0004456368682284,0.0019561671204896,33.77490413188934,Baseline,Photo portrait of a Software Engineer that performs personal debugging
"{""denoising_steps"": 42, ""guidance_scale"": 13, ""positive_prompt"": [1164, 1535, 108], ""negative_prompt"": [8666, 624, 79], ""weight"": 2}",0.7416666666666666,0.6000000000000001,0.5,"{""male"": 8, ""female"": 2}","{""asian"": 5, ""white"": 5, ""black"": 0, ""arab"": 0}",0.0003914485244287,0.001079985030655,29.66788876056671,Random Search,Photo portrait of a Software Engineer that performs personal debugging
,0.6232432432432431,0.8,1.0,"{""male"": 9, ""female"": 1}","{""asian"": 10, ""white"": 0, ""black"": 0, ""arab"": 0}",0.0004449582702583,0.001947360446774,33.7234822511673,Fairness,Photo portrait of a Software Engineer that performs personal debugging
"{""denoising_steps"": 26, ""guidance_scale"": 11, ""positive_prompt"": [1030, 567, 178], ""negative_prompt"": [6586, 67, 241], ""weight"": 10, ""seed"": 217}",0.743,0.6000000000000001,0.7,"{""male"": 8, ""female"": 2}","{""asian"": 7, ""white"": 3, ""black"": 0, ""arab"": 0}",0.0002476441502571,0.0006825729071699,18.768998503685,SustainDiffusion,Photo portrait of a Software Engineer that performs personal debugging
"{""denoising_steps"": 44, ""guidance_scale"": 11, ""positive_prompt"": [984, 374, 255], ""negative_prompt"": [12635, 843, 141], ""weight"": 2}",0.6675000000000002,1.0,0.6,"{""male"": 10, ""female"": 0}","{""asian"": 6, ""white"": 4, ""black"": 0, ""arab"": 0}",0.0004474662881758,0.0019487762812433,33.91352939605713,Baseline,Photo portrait of a Software Engineer that assesses potential problems
"{""denoising_steps"": 44, ""guidance_scale"": 11, ""positive_prompt"": [984, 374, 255], ""negative_prompt"": [12635, 843, 141], ""weight"": 2}",0.6081249999999999,0.6000000000000001,0.4,"{""male"": 2, ""female"": 8}","{""asian"": 4, ""white"": 3, ""black"": 3, ""arab"": 0}",0.0004215493307345,0.0011545752292149,31.949363470077515,Random Search,Photo portrait of a Software Engineer that assesses potential problems
,0.609622641509434,1.0,1.0,"{""male"": 10, ""female"": 0}","{""asian"": 10, ""white"": 0, ""black"": 0, ""arab"": 0}",0.0004442888627449,0.001987496728887,33.67279243469238,Fairness,Photo portrait of a Software Engineer that assesses potential problems
"{""denoising_steps"": 34, ""guidance_scale"": 5, ""positive_prompt"": [1417, 1008, 204], ""negative_prompt"": [9116, 832, 143], ""weight"": 0, ""seed"": 419}",0.7206666666666667,0.3999999999999999,0.5,"{""male"": 7, ""female"": 3}","{""asian"": 4, ""white"": 5, ""black"": 1, ""arab"": 0}",0.000323722930418,0.0008911223795643,24.53499698638916,SustainDiffusion,Photo portrait of a Software Engineer that assesses potential problems
"{""denoising_steps"": 48, ""guidance_scale"": 16, ""positive_prompt"": [999, 891, 113], ""negative_prompt"": [11488, 477, 189], ""weight"": 2}",0.5980851063829785,1.0,0.8,"{""male"": 10, ""female"": 0}","{""asian"": 8, ""white"": 1, ""black"": 0, ""arab"": 1}",0.0004459817612336,0.0019700147704551,33.80103099346161,Baseline,Photo portrait of a Software Engineer that plans
"{""denoising_steps"": 48, ""guidance_scale"": 16, ""positive_prompt"": [999, 891, 113], ""negative_prompt"": [11488, 477, 189], ""weight"": 2}",0.6483333333333333,0.8,0.7,"{""male"": 9, ""female"": 1}","{""asian"": 3, ""white"": 7, ""black"": 0, ""arab"": 0}",0.0004507000769177,0.0012374659899716,34.15871250629425,Random Search,Photo portrait of a Software Engineer that plans
,0.6266666666666666,1.0,1.0,"{""male"": 10, ""female"": 0}","{""asian"": 10, ""white"": 0, ""black"": 0, ""arab"": 0}",0.0004463448291023,0.0019525678120561,33.82851994037628,Fairness,Photo portrait of a Software Engineer that plans
"{""denoising_steps"": 42, ""guidance_scale"": 4, ""positive_prompt"": [570, 1017, 102], ""negative_prompt"": [3391, 1001, 68], ""weight"": 1, ""seed"": 297}",0.7633333333333332,0.0,0.9,"{""male"": 5, ""female"": 5}","{""asian"": 9, ""white"": 1, ""black"": 0, ""arab"": 0}",0.0003968548141419,0.0010927144852814,30.077791571617126,SustainDiffusion,Photo portrait of a Software Engineer that plans
"{""denoising_steps"": 41, ""guidance_scale"": 15, ""positive_prompt"": [1018, 113, 179], ""negative_prompt"": [1863, 998, 88], ""weight"": 5}",0.6671428571428574,1.0,0.6,"{""male"": 10, ""female"": 0}","{""asian"": 6, ""white"": 4, ""black"": 0, ""arab"": 0}",0.0004461008754041,0.0019592662896331,33.8100745677948,Baseline,Photo portrait of a Software Engineer that learns
"{""denoising_steps"": 41, ""guidance_scale"": 15, ""positive_prompt"": [1018, 113, 179], ""negative_prompt"": [1863, 998, 88], ""weight"": 5}",0.6954545454545454,0.0,0.7,"{""male"": 5, ""female"": 5}","{""asian"": 3, ""white"": 0, ""black"": 7, ""arab"": 0}",0.0003913549793262,0.0010688329383991,29.660762190818787,Random Search,Photo portrait of a Software Engineer that learns
,0.6886666666666665,0.8,1.0,"{""male"": 9, ""female"": 1}","{""asian"": 10, ""white"": 0, ""black"": 0, ""arab"": 0}",0.0004458985548052,0.0019616939304682,33.79473602771759,Fairness,Photo portrait of a Software Engineer that learns
"{""denoising_steps"": 30, ""guidance_scale"": 11, ""positive_prompt"": [1518, 1648, 252], ""negative_prompt"": [9382, 164, 142], ""weight"": 8, ""seed"": 273}",0.7308333333333333,0.0,0.5,"{""male"": 5, ""female"": 5}","{""asian"": 5, ""white"": 2, ""black"": 3, ""arab"": 0}",0.0002878476608958,0.0008086041191042,21.816039443016052,SustainDiffusion,Photo portrait of a Software Engineer that learns
"{""denoising_steps"": 47, ""guidance_scale"": 13, ""positive_prompt"": [697, 922, 251], ""negative_prompt"": [8462, 7, 231], ""weight"": 2}",0.7234782608695652,1.0,0.8,"{""male"": 10, ""female"": 0}","{""asian"": 8, ""white"": 2, ""black"": 0, ""arab"": 0}",0.0004475689529544,0.0019621422641584,33.921406507492065,Baseline,Photo portrait of a Software Engineer that navigates code
"{""denoising_steps"": 47, ""guidance_scale"": 13, ""positive_prompt"": [697, 922, 251], ""negative_prompt"": [8462, 7, 231], ""weight"": 2}",0.6738461538461539,0.1999999999999999,1.0,"{""male"": 6, ""female"": 4}","{""asian"": 10, ""white"": 0, ""black"": 0, ""arab"": 0}",0.0004438891777561,0.0012155316668671,33.64251375198364,Random Search,Photo portrait of a Software Engineer that navigates code
,0.7766666666666668,1.0,1.0,"{""male"": 10, ""female"": 0}","{""asian"": 10, ""white"": 0, ""black"": 0, ""arab"": 0}",0.0004458322413265,0.0019623019865057,33.78976809978485,Fairness,Photo portrait of a Software Engineer that navigates code
"{""denoising_steps"": 28, ""guidance_scale"": 4, ""positive_prompt"": [597, 1322, 244], ""negative_prompt"": [9535, 116, 75], ""weight"": 0, ""seed"": 453}",0.7781818181818182,0.3999999999999999,0.5384615384615385,"{""male"": 3, ""female"": 7}","{""asian"": 8, ""white"": 3, ""black"": 1, ""arab"": 1}",0.0002639949967463,0.000729073222148,20.008238196372982,SustainDiffusion,Photo portrait of a Software Engineer that navigates code
"{""denoising_steps"": 33, ""guidance_scale"": 1, ""positive_prompt"": [1786, 840, 31], ""negative_prompt"": [11736, 781, 174], ""weight"": 4}",0.7452000000000001,1.0,1.0,"{""male"": 10, ""female"": 0}","{""asian"": 10, ""white"": 0, ""black"": 0, ""arab"": 0}",0.0004451253342959,0.0019469801686966,33.7361376285553,Baseline,Photo portrait of a Software Engineer that helps others
"{""denoising_steps"": 33, ""guidance_scale"": 1, ""positive_prompt"": [1786, 840, 31], ""negative_prompt"": [11736, 781, 174], ""weight"": 4}",0.6240000000000001,0.1999999999999999,0.6,"{""male"": 6, ""female"": 4}","{""asian"": 3, ""white"": 6, ""black"": 0, ""arab"": 1}",0.0003067605764501,0.0007418022601086,23.249423384666443,Random Search,Photo portrait of a Software Engineer that helps others
,0.6684848484848486,0.8,1.0,"{""male"": 9, ""female"": 1}","{""asian"": 10, ""white"": 0, ""black"": 0, ""arab"": 0}",0.0004451665961907,0.0019877029790471,33.73927426338196,Fairness,Photo portrait of a Software Engineer that helps others
"{""denoising_steps"": 50, ""guidance_scale"": 4, ""positive_prompt"": [1690, 421, 82], ""negative_prompt"": [5450, 141, 205], ""weight"": 7, ""seed"": 237}",0.7281818181818184,0.1999999999999999,0.5384615384615385,"{""male"": 4, ""female"": 6}","{""asian"": 8, ""white"": 2, ""black"": 1, ""arab"": 2}",0.0004666112395624,0.0013112984101492,35.36448800563812,SustainDiffusion,Photo portrait of a Software Engineer that helps others
"{""denoising_steps"": 33, ""guidance_scale"": 17, ""positive_prompt"": [5, 1459, 51], ""negative_prompt"": [10396, 57, 233], ""weight"": 0}",0.6813636363636362,1.0,0.6,"{""male"": 10, ""female"": 0}","{""asian"": 4, ""white"": 6, ""black"": 0, ""arab"": 0}",0.0004452270191576,0.0019356839096573,33.743796825408936,Baseline,Photo portrait of a Software Engineer that edits artifacts
"{""denoising_steps"": 33, ""guidance_scale"": 17, ""positive_prompt"": [5, 1459, 51], ""negative_prompt"": [10396, 57, 233], ""weight"": 0}",0.594,0.3999999999999999,0.4,"{""male"": 3, ""female"": 7}","{""asian"": 4, ""white"": 4, ""black"": 2, ""arab"": 0}",0.0003142308826247,0.0008610538832858,23.815568923950195,Random Search,Photo portrait of a Software Engineer that edits artifacts
,0.6684848484848486,0.8,1.0,"{""male"": 9, ""female"": 1}","{""asian"": 10, ""white"": 0, ""black"": 0, ""arab"": 0}",0.0004451665961907,0.0019877029790471,33.73927426338196,Fairness,Photo portrait of a Software Engineer that helps others
"{""denoising_steps"": 47, ""guidance_scale"": 14, ""positive_prompt"": [1162, 1608, 207], ""negative_prompt"": [4877, 153, 112], ""weight"": 7, ""seed"": 352}",0.6246153846153847,0.3999999999999999,0.5,"{""male"": 7, ""female"": 3}","{""asian"": 5, ""white"": 2, ""black"": 3, ""arab"": 0}",0.0004388085664973,0.0012436253004554,33.25749385356903,SustainDiffusion,Photo portrait of a Software Engineer that edits artifacts
"{""denoising_steps"": 37, ""guidance_scale"": 20, ""positive_prompt"": [2011, 765, 36], ""negative_prompt"": [13224, 151, 156], ""weight"": 5}",0.6376470588235295,1.0,0.8,"{""male"": 10, ""female"": 0}","{""asian"": 8, ""white"": 2, ""black"": 0, ""arab"": 0}",0.0004458276232911,0.0019639785156275,33.78942263126373,Baseline,Photo portrait of a Software Engineer that reads reviews code
"{""denoising_steps"": 37, ""guidance_scale"": 20, ""positive_prompt"": [2011, 765, 36], ""negative_prompt"": [13224, 151, 156], ""weight"": 5}",0.7012499999999999,0.1999999999999999,0.4,"{""male"": 6, ""female"": 4}","{""asian"": 3, ""white"": 5, ""black"": 1, ""arab"": 1}",0.0003527179295817,0.0009690061918696,26.73249387741089,Random Search,Photo portrait of a Software Engineer that reads reviews code
,0.7447058823529412,1.0,1.0,"{""male"": 10, ""female"": 0}","{""asian"": 10, ""white"": 0, ""black"": 0, ""arab"": 0}",0.0004449832431971,0.0019498218376359,33.72533416748047,Fairness,Photo portrait of a Software Engineer that reads reviews code
"{""denoising_steps"": 29, ""guidance_scale"": 11, ""positive_prompt"": [1162, 1997, 173], ""negative_prompt"": [15545, 714, 165], ""weight"": 8, ""seed"": 306}",0.7836363636363636,0.8,0.4,"{""male"": 9, ""female"": 1}","{""asian"": 4, ""white"": 3, ""black"": 3, ""arab"": 0}",0.0002722836389309,0.000752409351925,20.63641858100891,SustainDiffusion,Photo portrait of a Software Engineer that reads reviews code
"{""denoising_steps"": 37, ""guidance_scale"": 18, ""positive_prompt"": [1747, 1617, 55], ""negative_prompt"": [11806, 940, 88], ""weight"": 5}",0.6957894736842105,1.0,0.6,"{""male"": 10, ""female"": 0}","{""asian"": 6, ""white"": 3, ""black"": 0, ""arab"": 1}",0.0004470715625418,0.0019634099040608,33.883647441864014,Baseline,Photo portrait of a Software Engineer that provides comments on issues
"{""denoising_steps"": 37, ""guidance_scale"": 18, ""positive_prompt"": [1747, 1617, 55], ""negative_prompt"": [11806, 940, 88], ""weight"": 5}",0.4958333333333333,0.3999999999999999,0.6,"{""male"": 3, ""female"": 7}","{""asian"": 6, ""white"": 3, ""black"": 1, ""arab"": 0}",0.0003534168289766,0.0009738846679958,26.785478830337524,Random Search,Photo portrait of a Software Engineer that provides comments on issues
,0.658611111111111,1.0,1.0,"{""male"": 10, ""female"": 0}","{""asian"": 10, ""white"": 0, ""black"": 0, ""arab"": 0}",0.0004492771117223,0.0019481472529587,34.05076622962952,Fairness,Photo portrait of a Software Engineer that provides comments on issues
"{""denoising_steps"": 34, ""guidance_scale"": 6, ""positive_prompt"": [1799, 1633, 71], ""negative_prompt"": [4877, 153, 112], ""weight"": 10, ""seed"": 216}",0.7958333333333334,0.1999999999999999,0.8,"{""male"": 4, ""female"": 6}","{""asian"": 8, ""white"": 1, ""black"": 1, ""arab"": 0}",0.000314684288452,0.0008710293079356,23.849950432777405,SustainDiffusion,Photo portrait of a Software Engineer that provides comments on issues
"{""denoising_steps"": 48, ""guidance_scale"": 5, ""positive_prompt"": [247, 1247, 251], ""negative_prompt"": [8496, 709, 111], ""weight"": 3}",0.6415909090909092,1.0,0.7,"{""male"": 10, ""female"": 0}","{""asian"": 7, ""white"": 3, ""black"": 0, ""arab"": 0}",0.0004460824661784,0.0019565903152702,33.8086941242218,Baseline,Photo portrait of a Software Engineer that performs administrative tasks
"{""denoising_steps"": 48, ""guidance_scale"": 5, ""positive_prompt"": [247, 1247, 251], ""negative_prompt"": [8496, 709, 111], ""weight"": 3}",0.62375,0.6000000000000001,0.6,"{""male"": 2, ""female"": 8}","{""asian"": 4, ""white"": 6, ""black"": 0, ""arab"": 0}",0.0004587391878995,0.0012502880835646,34.76796901226044,Random Search,Photo portrait of a Software Engineer that performs administrative tasks
,0.5573684210526316,0.6000000000000001,1.0,"{""male"": 8, ""female"": 2}","{""asian"": 10, ""white"": 0, ""black"": 0, ""arab"": 0}",0.0004456891435715,0.0019455846120219,33.77886879444122,Fairness,Photo portrait of a Software Engineer that performs administrative tasks
"{""denoising_steps"": 28, ""guidance_scale"": 8, ""positive_prompt"": [1754, 665, 231], ""negative_prompt"": [16213, 265, 154], ""weight"": 0, ""seed"": 498}",0.6145454545454545,0.3999999999999999,0.4,"{""male"": 3, ""female"": 7}","{""asian"": 3, ""white"": 1, ""black"": 1, ""arab"": 5}",0.0002682249834967,0.0007381793405424,20.328804850578308,SustainDiffusion,Photo portrait of a Software Engineer that performs administrative tasks
"{""denoising_steps"": 37, ""guidance_scale"": 18, ""positive_prompt"": [1265, 468, 2], ""negative_prompt"": [13780, 596, 38], ""weight"": 0}",0.6106896551724139,1.0,0.7,"{""male"": 10, ""female"": 0}","{""asian"": 7, ""white"": 3, ""black"": 0, ""arab"": 0}",0.0004473465888864,0.0019566582319913,33.90458154678345,Baseline,Photo portrait of a Software Engineer that assigns GitHub issues
"{""denoising_steps"": 37, ""guidance_scale"": 18, ""positive_prompt"": [1265, 468, 2], ""negative_prompt"": [13780, 596, 38], ""weight"": 0}",0.7130769230769232,1.0,0.5,"{""male"": 10, ""female"": 0}","{""asian"": 6, ""white"": 1, ""black"": 1, ""arab"": 2}",0.0003541613031591,0.0009693877199534,26.841899037361145,Random Search,Photo portrait of a Software Engineer that assigns GitHub issues
,0.6691666666666666,0.3999999999999999,1.0,"{""male"": 7, ""female"": 3}","{""asian"": 10, ""white"": 0, ""black"": 0, ""arab"": 0}",0.0004447020746767,0.0019659982394628,33.70403063297272,Fairness,Photo portrait of a Software Engineer that assigns GitHub issues
"{""denoising_steps"": 27, ""guidance_scale"": 15, ""positive_prompt"": [1434, 1061, 104], ""negative_prompt"": [14539, 875, 186], ""weight"": 5, ""seed"": 252}",0.6875,0.0,0.4,"{""male"": 5, ""female"": 5}","{""asian"": 3, ""white"": 3, ""black"": 4, ""arab"": 0}",0.0002601283735698,0.000709775984486,19.71521282196045,SustainDiffusion,Photo portrait of a Software Engineer that assigns GitHub issues
"{""denoising_steps"": 46, ""guidance_scale"": 12, ""positive_prompt"": [2040, 358, 240], ""negative_prompt"": [3072, 403, 100], ""weight"": 5}",0.6088679245283016,1.0,0.9,"{""male"": 10, ""female"": 0}","{""asian"": 9, ""white"": 1, ""black"": 0, ""arab"": 0}",0.0004452084148923,0.0019464185015784,33.74247848987579,Baseline,Photo portrait of a Software Engineer that browses the web
"{""denoising_steps"": 46, ""guidance_scale"": 12, ""positive_prompt"": [2040, 358, 240], ""negative_prompt"": [3072, 403, 100], ""weight"": 5}",0.6366666666666666,0.6000000000000001,0.6,"{""male"": 2, ""female"": 8}","{""asian"": 0, ""white"": 6, ""black"": 3, ""arab"": 1}",0.0004384680587384,0.0012019213782021,33.23160660266876,Random Search,Photo portrait of a Software Engineer that browses the web
,0.7042857142857141,1.0,1.0,"{""male"": 10, ""female"": 0}","{""asian"": 10, ""white"": 0, ""black"": 0, ""arab"": 0}",0.0004451372112664,0.001908670693604,33.736995697021484,Fairness,Photo portrait of a Software Engineer that browses the web
"{""denoising_steps"": 28, ""guidance_scale"": 16, ""positive_prompt"": [2022, 589, 255], ""negative_prompt"": [13175, 188, 157], ""weight"": 10, ""seed"": 181}",0.4764705882352941,0.3999999999999999,0.4,"{""male"": 7, ""female"": 3}","{""asian"": 4, ""white"": 2, ""black"": 4, ""arab"": 0}",0.0004039735157456,0.0011094411653296,30.61716854572296,SustainDiffusion,Photo portrait of a Software Engineer that browses the web
"{""denoising_steps"": 48, ""guidance_scale"": 17, ""positive_prompt"": [779, 1421, 175], ""negative_prompt"": [13009, 789, 122], ""weight"": 0}",0.7274074074074074,1.0,0.7,"{""male"": 10, ""female"": 0}","{""asian"": 7, ""white"": 3, ""black"": 0, ""arab"": 0}",0.0004484268159501,0.0019621046252371,33.98637557029724,Baseline,Photo portrait of a Software Engineer that commits code
"{""denoising_steps"": 48, ""guidance_scale"": 17, ""positive_prompt"": [779, 1421, 175], ""negative_prompt"": [13009, 789, 122], ""weight"": 0}",0.6257142857142857,0.0,0.5,"{""male"": 5, ""female"": 5}","{""asian"": 4, ""white"": 1, ""black"": 5, ""arab"": 0}",0.0004562056103513,0.0012492493327335,34.57586932182312,Random Search,Photo portrait of a Software Engineer that commits code
,0.6511538461538462,1.0,1.0,"{""male"": 10, ""female"": 0}","{""asian"": 10, ""white"": 0, ""black"": 0, ""arab"": 0}",0.0004458675246271,0.0019149526430694,33.79248654842377,Fairness,Photo portrait of a Software Engineer that commits code
"{""denoising_steps"": 35, ""guidance_scale"": 12, ""positive_prompt"": [1034, 1926, 156], ""negative_prompt"": [3413, 671, 245], ""weight"": 4, ""seed"": 51}",0.7577777777777778,0.8,0.8,"{""male"": 9, ""female"": 1}","{""asian"": 8, ""white"": 0, ""black"": 0, ""arab"": 2}",0.0003288999069895,0.0009074171148224,24.927334904670715,SustainDiffusion,Photo portrait of a Software Engineer that commits code
"{""denoising_steps"": 48, ""guidance_scale"": 18, ""positive_prompt"": [443, 1518, 95], ""negative_prompt"": [11153, 813, 79], ""weight"": 2}",0.6167567567567567,1.0,0.8,"{""male"": 10, ""female"": 0}","{""asian"": 8, ""white"": 2, ""black"": 0, ""arab"": 0}",0.0004462178284095,0.0019610236521501,33.818958044052124,Baseline,Photo portrait of a Software Engineer that performs user training
"{""denoising_steps"": 48, ""guidance_scale"": 18, ""positive_prompt"": [443, 1518, 95], ""negative_prompt"": [11153, 813, 79], ""weight"": 2}",0.56125,0.3999999999999999,0.6,"{""male"": 7, ""female"": 3}","{""asian"": 6, ""white"": 1, ""black"": 3, ""arab"": 0}",0.0004560721544755,0.0012516368346417,34.56591582298279,Random Search,Photo portrait of a Software Engineer that performs user training
,0.5487878787878787,0.8,1.0,"{""male"": 9, ""female"": 1}","{""asian"": 10, ""white"": 0, ""black"": 0, ""arab"": 0}",0.0004464844617578,0.0019653560167274,33.83923554420471,Fairness,Photo portrait of a Software Engineer that performs user training
"{""denoising_steps"": 49, ""guidance_scale"": 17, ""positive_prompt"": [720, 1800, 86], ""negative_prompt"": [16320, 483, 227], ""weight"": 0, ""seed"": 301}",0.7018181818181819,0.6000000000000001,0.4,"{""male"": 8, ""female"": 2}","{""asian"": 1, ""white"": 5, ""black"": 2, ""arab"": 2}",0.0004607152493463,0.0012711769891619,34.91763091087341,SustainDiffusion,Photo portrait of a Software Engineer that performs user training
"{""denoising_steps"": 31, ""guidance_scale"": 19, ""positive_prompt"": [1242, 1885, 133], ""negative_prompt"": [8012, 819, 57], ""weight"": 2}",0.6834693877551021,1.0,0.4,"{""male"": 10, ""female"": 0}","{""asian"": 4, ""white"": 4, ""black"": 0, ""arab"": 2}",0.0004466901373531,0.0019569810100285,33.85469877719879,Baseline,Photo portrait of a Software Engineer that browses articles
"{""denoising_steps"": 31, ""guidance_scale"": 19, ""positive_prompt"": [1242, 1885, 133], ""negative_prompt"": [8012, 819, 57], ""weight"": 2}",0.524,0.3999999999999999,0.5,"{""male"": 7, ""female"": 3}","{""asian"": 5, ""white"": 2, ""black"": 3, ""arab"": 0}",0.0002923891542686,0.0008061889782826,22.160212874412537,Random Search,Photo portrait of a Software Engineer that browses articles
,0.5753731343283582,0.8,0.9,"{""male"": 9, ""female"": 1}","{""asian"": 9, ""white"": 0, ""black"": 1, ""arab"": 0}",0.0004453718848526,0.0019268784859462,33.75483822822571,Fairness,Photo portrait of a Software Engineer that browses articles
"{""denoising_steps"": 27, ""guidance_scale"": 18, ""positive_prompt"": [693, 754, 37], ""negative_prompt"": [8038, 777, 252], ""weight"": 0, ""seed"": 402}",0.5564285714285714,0.3999999999999999,0.5,"{""male"": 7, ""female"": 3}","{""asian"": 6, ""white"": 1, ""black"": 2, ""arab"": 1}",0.0002549308722217,0.0007237426623287,19.32133436203003,SustainDiffusion,Photo portrait of a Software Engineer that browses articles
"{""denoising_steps"": 44, ""guidance_scale"": 13, ""positive_prompt"": [769, 1697, 67], ""negative_prompt"": [14061, 926, 174], ""weight"": 1}",0.7842857142857144,1.0,0.8,"{""male"": 10, ""female"": 0}","{""asian"": 2, ""white"": 8, ""black"": 0, ""arab"": 0}",0.0004478286388019,0.0019724203279344,33.94103693962097,Baseline,Photo portrait of a Software Engineer that releases code versions
"{""denoising_steps"": 44, ""guidance_scale"": 13, ""positive_prompt"": [769, 1697, 67], ""negative_prompt"": [14061, 926, 174], ""weight"": 1}",0.7870000000000001,0.8,0.7,"{""male"": 9, ""female"": 1}","{""asian"": 7, ""white"": 0, ""black"": 1, ""arab"": 2}",0.0004139401406049,0.0011440067485412,31.37265455722809,Random Search,Photo portrait of a Software Engineer that releases code versions
,0.8291666666666666,0.8,0.9,"{""male"": 9, ""female"": 1}","{""asian"": 9, ""white"": 0, ""black"": 1, ""arab"": 0}",0.0004463749658729,0.0019536583684835,33.83084857463837,Fairness,Photo portrait of a Software Engineer that releases code versions
"{""denoising_steps"": 46, ""guidance_scale"": 1, ""positive_prompt"": [1866, 1508, 26], ""negative_prompt"": [3, 296, 223], ""weight"": 4, ""seed"": 246}",0.7077777777777778,0.3999999999999999,0.5,"{""male"": 3, ""female"": 7}","{""asian"": 5, ""white"": 4, ""black"": 1, ""arab"": 0}",0.0008823799822065,0.0021374674044185,66.87562263011932,SustainDiffusion,Photo portrait of a Software Engineer that releases code versions
"{""denoising_steps"": 42, ""guidance_scale"": 12, ""positive_prompt"": [701, 1612, 195], ""negative_prompt"": [5848, 413, 208], ""weight"": 5}",0.642258064516129,1.0,0.5,"{""male"": 10, ""female"": 0}","{""asian"": 5, ""white"": 4, ""black"": 0, ""arab"": 1}",0.000445860518929,0.0019787943608093,33.79191553592682,Baseline,Photo portrait of a Software Engineer that restructures code
"{""denoising_steps"": 42, ""guidance_scale"": 12, ""positive_prompt"": [701, 1612, 195], ""negative_prompt"": [5848, 413, 208], ""weight"": 5}",0.5864285714285714,1.0,0.4,"{""male"": 0, ""female"": 10}","{""asian"": 4, ""white"": 3, ""black"": 3, ""arab"": 0}",0.0003986617337498,0.0011010889364264,30.21464240550995,Random Search,Photo portrait of a Software Engineer that restructures code
,0.6306896551724139,1.0,1.0,"{""male"": 10, ""female"": 0}","{""asian"": 10, ""white"": 0, ""black"": 0, ""arab"": 0}",0.0004464493090079,0.0019597585122532,33.83647179603577,Fairness,Photo portrait of a Software Engineer that restructures code
"{""denoising_steps"": 26, ""guidance_scale"": 10, ""positive_prompt"": [1030, 567, 178], ""negative_prompt"": [8031, 202, 224], ""weight"": 10, ""seed"": 430}",0.796,0.8,0.4,"{""male"": 9, ""female"": 1}","{""asian"": 4, ""white"": 4, ""black"": 2, ""arab"": 0}",0.0002449462140599,0.0006781516536342,18.56455361843109,SustainDiffusion,Photo portrait of a Software Engineer that restructures code
"{""denoising_steps"": 50, ""guidance_scale"": 16, ""positive_prompt"": [70, 1542, 125], ""negative_prompt"": [15887, 859, 123], ""weight"": 0}",0.6492307692307693,1.0,0.5,"{""male"": 10, ""female"": 0}","{""asian"": 5, ""white"": 4, ""black"": 0, ""arab"": 1}",0.0004492522945006,0.001955510592186,34.04900276660919,Baseline,Photo portrait of a Software Engineer that edits code
"{""denoising_steps"": 50, ""guidance_scale"": 16, ""positive_prompt"": [70, 1542, 125], ""negative_prompt"": [15887, 859, 123], ""weight"": 0}",0.7060000000000001,1.0,0.5,"{""male"": 10, ""female"": 0}","{""asian"": 5, ""white"": 4, ""black"": 1, ""arab"": 0}",0.0004870245416131,0.0013331725943128,36.91164517402649,Random Search,Photo portrait of a Software Engineer that edits code
,0.6426666666666667,1.0,1.0,"{""male"": 10, ""female"": 0}","{""asian"": 10, ""white"": 0, ""black"": 0, ""arab"": 0}",0.0004447235290374,0.001879550114749,33.70567262172699,Fairness,Photo portrait of a Software Engineer that edits code
"{""denoising_steps"": 27, ""guidance_scale"": 20, ""positive_prompt"": [437, 8, 128], ""negative_prompt"": [15545, 714, 165], ""weight"": 0, ""seed"": 420}",0.5083333333333333,1.0,0.4,"{""male"": 10, ""female"": 0}","{""asian"": 5, ""white"": 2, ""black"": 2, ""arab"": 1}",0.0002755327744616,0.0007435378170512,20.88272750377655,SustainDiffusion,Photo portrait of a Software Engineer that edits code
"{""denoising_steps"": 43, ""guidance_scale"": 7, ""positive_prompt"": [856, 308, 75], ""negative_prompt"": [5738, 301, 222], ""weight"": 3}",0.6258181818181817,1.0,0.9,"{""male"": 10, ""female"": 0}","{""asian"": 9, ""white"": 1, ""black"": 0, ""arab"": 0}",0.0004467606080074,0.001968933936256,33.86005461215973,Baseline,Photo portrait of a Software Engineer that mentors others
"{""denoising_steps"": 43, ""guidance_scale"": 7, ""positive_prompt"": [856, 308, 75], ""negative_prompt"": [5738, 301, 222], ""weight"": 3}",0.7208333333333333,0.8,0.7,"{""male"": 9, ""female"": 1}","{""asian"": 7, ""white"": 0, ""black"": 2, ""arab"": 1}",0.0004043666653334,0.0011152933922335,30.647042870521545,Random Search,Photo portrait of a Software Engineer that mentors others
,0.6036065573770494,1.0,0.9,"{""male"": 10, ""female"": 0}","{""asian"": 9, ""white"": 0, ""black"": 1, ""arab"": 0}",0.0004458904213375,0.0019554872588312,33.794084429740906,Fairness,Photo portrait of a Software Engineer that mentors others
"{""denoising_steps"": 45, ""guidance_scale"": 15, ""positive_prompt"": [20, 1337, 41], ""negative_prompt"": [1084, 794, 221], ""weight"": 3, ""seed"": 77}",0.6961538461538462,0.6000000000000001,0.9,"{""male"": 8, ""female"": 2}","{""asian"": 9, ""white"": 0, ""black"": 0, ""arab"": 1}",0.0004267369102271,0.0011741135781768,32.34251809120178,SustainDiffusion,Photo portrait of a Software Engineer that mentors others
"{""denoising_steps"": 47, ""guidance_scale"": 18, ""positive_prompt"": [1392, 753, 129], ""negative_prompt"": [6491, 664, 34], ""weight"": 5}",0.7421739130434782,1.0,1.0,"{""male"": 10, ""female"": 0}","{""asian"": 10, ""white"": 0, ""black"": 0, ""arab"": 0}",0.0004463551520473,0.0019777989433488,33.82933688163757,Baseline,Photo portrait of a Software Engineer that manages development branches
"{""denoising_steps"": 47, ""guidance_scale"": 18, ""positive_prompt"": [1392, 753, 129], ""negative_prompt"": [6491, 664, 34], ""weight"": 5}",0.6014285714285714,1.0,0.7,"{""male"": 10, ""female"": 0}","{""asian"": 7, ""white"": 1, ""black"": 2, ""arab"": 0}",0.0004418001175754,0.0012199869482092,33.48414194583893,Random Search,Photo portrait of a Software Engineer that manages development branches
,0.613265306122449,1.0,1.0,"{""male"": 10, ""female"": 0}","{""asian"": 10, ""white"": 0, ""black"": 0, ""arab"": 0}",0.0004464298679596,0.0019537244796427,33.83501601219177,Fairness,Photo portrait of a Software Engineer that manages development branches
"{""denoising_steps"": 29, ""guidance_scale"": 12, ""positive_prompt"": [1486, 1085, 25], ""negative_prompt"": [625, 65, 237], ""weight"": 4, ""seed"": 10}",0.7945454545454546,0.8,0.5,"{""male"": 9, ""female"": 1}","{""asian"": 5, ""white"": 3, ""black"": 2, ""arab"": 0}",0.0002787771897183,0.0007638793611039,21.128588318824768,SustainDiffusion,Photo portrait of a Software Engineer that manages development branches
"{""denoising_steps"": 50, ""guidance_scale"": 5, ""positive_prompt"": [1430, 1848, 139], ""negative_prompt"": [12027, 473, 193], ""weight"": 4}",0.6335714285714285,1.0,0.7,"{""male"": 10, ""female"": 0}","{""asian"": 7, ""white"": 3, ""black"": 0, ""arab"": 0}",0.0004475010461276,0.0019704687985946,33.916202545166016,Baseline,Photo portrait of a Software Engineer that writes emails
"{""denoising_steps"": 50, ""guidance_scale"": 5, ""positive_prompt"": [1430, 1848, 139], ""negative_prompt"": [12027, 473, 193], ""weight"": 4}",0.7161538461538461,0.3999999999999999,0.8,"{""male"": 3, ""female"": 7}","{""asian"": 8, ""white"": 1, ""black"": 1, ""arab"": 0}",0.0004721408053404,0.0013194934167053,35.78359544277191,Random Search,Photo portrait of a Software Engineer that writes emails
,0.5866666666666669,1.0,1.0,"{""male"": 10, ""female"": 0}","{""asian"": 10, ""white"": 0, ""black"": 0, ""arab"": 0}",0.0004456399636963,0.0019452744728844,33.775107622146606,Fairness,Photo portrait of a Software Engineer that writes emails
"{""denoising_steps"": 27, ""guidance_scale"": 15, ""positive_prompt"": [1434, 1061, 104], ""negative_prompt"": [14539, 875, 186], ""weight"": 5, ""seed"": 252}",0.5923076923076922,0.1999999999999999,0.5,"{""male"": 4, ""female"": 6}","{""asian"": 5, ""white"": 2, ""black"": 3, ""arab"": 0}",0.0002576105800767,0.0007047377860143,19.52437722682953,SustainDiffusion,Photo portrait of a Software Engineer that writes emails
"{""denoising_steps"": 43, ""guidance_scale"": 14, ""positive_prompt"": [1391, 189, 216], ""negative_prompt"": [10090, 284, 166], ""weight"": 3}",0.6243181818181818,1.0,1.0,"{""male"": 10, ""female"": 0}","{""asian"": 10, ""white"": 0, ""black"": 0, ""arab"": 0}",0.0004476757906376,0.0019618930972917,33.92951142787933,Baseline,Photo portrait of a Software Engineer that codes
"{""denoising_steps"": 43, ""guidance_scale"": 14, ""positive_prompt"": [1391, 189, 216], ""negative_prompt"": [10090, 284, 166], ""weight"": 3}",0.5660000000000001,0.6000000000000001,0.6,"{""male"": 8, ""female"": 2}","{""asian"": 6, ""white"": 2, ""black"": 2, ""arab"": 0}",0.0004071038076446,0.001107165607955,30.854552745819092,Random Search,Photo portrait of a Software Engineer that codes
,0.7114285714285715,1.0,1.0,"{""male"": 10, ""female"": 0}","{""asian"": 10, ""white"": 0, ""black"": 0, ""arab"": 0}",0.0004463698272075,0.0019070743034354,33.83045947551727,Fairness,Photo portrait of a Software Engineer that codes
"{""denoising_steps"": 28, ""guidance_scale"": 12, ""positive_prompt"": [788, 17, 177], ""negative_prompt"": [16272, 534, 172], ""weight"": 8, ""seed"": 469}",0.647,1.0,0.5,"{""male"": 10, ""female"": 0}","{""asian"": 5, ""white"": 3, ""black"": 2, ""arab"": 0}",0.0002663503835597,0.0007455194853047,20.186747670173645,SustainDiffusion,Photo portrait of a Software Engineer that codes
"{""denoising_steps"": 33, ""guidance_scale"": 3, ""positive_prompt"": [1652, 156, 1], ""negative_prompt"": [6593, 460, 144], ""weight"": 2}",0.6343478260869564,1.0,0.6,"{""male"": 10, ""female"": 0}","{""asian"": 6, ""white"": 2, ""black"": 0, ""arab"": 2}",0.0004439679737719,0.0019515271167769,33.648404598236084,Baseline,Photo portrait of a Software Engineer that browses documentation
"{""denoising_steps"": 33, ""guidance_scale"": 3, ""positive_prompt"": [1652, 156, 1], ""negative_prompt"": [6593, 460, 144], ""weight"": 2}",0.6266666666666666,0.6000000000000001,0.7,"{""male"": 2, ""female"": 8}","{""asian"": 7, ""white"": 3, ""black"": 0, ""arab"": 0}",0.0003096655503742,0.0008501298467713,23.4695862531662,Random Search,Photo portrait of a Software Engineer that browses documentation
,0.625681818181818,0.8,1.0,"{""male"": 9, ""female"": 1}","{""asian"": 10, ""white"": 0, ""black"": 0, ""arab"": 0}",0.0004442696450484,0.0018435523081751,33.67135810852051,Fairness,Photo portrait of a Software Engineer that browses documentation
"{""denoising_steps"": 28, ""guidance_scale"": 8, ""positive_prompt"": [1754, 665, 231], ""negative_prompt"": [16213, 265, 154], ""weight"": 0, ""seed"": 498}",0.6616666666666667,0.6000000000000001,0.6,"{""male"": 2, ""female"": 8}","{""asian"": 3, ""white"": 0, ""black"": 6, ""arab"": 1}",0.0002662696245643,0.0007330229475285,20.180644035339355,SustainDiffusion,Photo portrait of a Software Engineer that browses documentation
"{""denoising_steps"": 43, ""guidance_scale"": 20, ""positive_prompt"": [1537, 1851, 48], ""negative_prompt"": [8979, 309, 105], ""weight"": 1}",0.5825,1.0,0.6,"{""male"": 10, ""female"": 0}","{""asian"": 6, ""white"": 4, ""black"": 0, ""arab"": 0}",0.0004468614718152,0.0019602426793045,33.86774122714996,Baseline,Photo portrait of a Software Engineer that produces tutorials
"{""denoising_steps"": 43, ""guidance_scale"": 20, ""positive_prompt"": [1537, 1851, 48], ""negative_prompt"": [8979, 309, 105], ""weight"": 1}",0.7372727272727274,0.6000000000000001,0.9,"{""male"": 8, ""female"": 2}","{""asian"": 9, ""white"": 1, ""black"": 0, ""arab"": 0}",0.0004097173939148,0.0011289740976234,31.052549362182617,Random Search,Photo portrait of a Software Engineer that produces tutorials
,0.7169565217391304,0.3999999999999999,0.9,"{""male"": 7, ""female"": 3}","{""asian"": 9, ""white"": 1, ""black"": 0, ""arab"": 0}",0.0004454071571429,0.0019473337800856,33.75747334957123,Fairness,Photo portrait of a Software Engineer that produces tutorials
"{""denoising_steps"": 28, ""guidance_scale"": 18, ""positive_prompt"": [1447, 1486, 241], ""negative_prompt"": [7560, 109, 86], ""weight"": 8, ""seed"": 34}",0.6858333333333334,0.1999999999999999,0.5,"{""male"": 4, ""female"": 6}","{""asian"": 2, ""white"": 3, ""black"": 5, ""arab"": 0}",0.0002620513732234,0.0007281694714222,19.86093378067017,SustainDiffusion,Photo portrait of a Software Engineer that produces tutorials
"{""denoising_steps"": 47, ""guidance_scale"": 18, ""positive_prompt"": [57, 48, 177], ""negative_prompt"": [14530, 552, 135], ""weight"": 2}",0.5502941176470587,1.0,0.6,"{""male"": 10, ""female"": 0}","{""asian"": 6, ""white"": 4, ""black"": 0, ""arab"": 0}",0.0004461752248306,0.0019606274018304,33.81570625305176,Baseline,Photo portrait of a Software Engineer that stores design versions
"{""denoising_steps"": 47, ""guidance_scale"": 18, ""positive_prompt"": [57, 48, 177], ""negative_prompt"": [14530, 552, 135], ""weight"": 2}",0.6378571428571427,0.3999999999999999,0.9,"{""male"": 7, ""female"": 3}","{""asian"": 9, ""white"": 0, ""black"": 1, ""arab"": 0}",0.0004513295154604,0.0012387594632308,34.20631802082062,Random Search,Photo portrait of a Software Engineer that stores design versions
,0.4879310344827585,0.8,0.6923076923076923,"{""male"": 9, ""female"": 1}","{""asian"": 10, ""white"": 1, ""black"": 1, ""arab"": 1}",0.0004454892735514,0.0019489419758205,33.763699412345886,Fairness,Photo portrait of a Software Engineer that stores design versions
"{""denoising_steps"": 47, ""guidance_scale"": 7, ""positive_prompt"": [1362, 1516, 148], ""negative_prompt"": [4746, 44, 249], ""weight"": 6, ""seed"": 173}",0.8480000000000001,1.0,0.125,"{""male"": 0, ""female"": 10}","{""asian"": 3, ""white"": 5, ""black"": 3, ""arab"": 5}",0.0004367229022085,0.0012079633274772,33.09934043884277,SustainDiffusion,Photo portrait of a Software Engineer that stores design versions
"{""denoising_steps"": 48, ""guidance_scale"": 5, ""positive_prompt"": [922, 1555, 88], ""negative_prompt"": [5875, 696, 10], ""weight"": 0}",0.6805,1.0,0.7,"{""male"": 10, ""female"": 0}","{""asian"": 7, ""white"": 3, ""black"": 0, ""arab"": 0}",0.0004471666538052,0.0019234912610154,33.890939712524414,Baseline,Photo portrait of a Software Engineer that provides comments on project milestones
"{""denoising_steps"": 48, ""guidance_scale"": 5, ""positive_prompt"": [922, 1555, 88], ""negative_prompt"": [5875, 696, 10], ""weight"": 0}",0.7324999999999999,0.1999999999999999,0.7,"{""male"": 6, ""female"": 4}","{""asian"": 7, ""white"": 2, ""black"": 0, ""arab"": 1}",0.0004526012541518,0.0012407057147854,34.30277144908905,Random Search,Photo portrait of a Software Engineer that provides comments on project milestones
,0.7135,1.0,1.0,"{""male"": 10, ""female"": 0}","{""asian"": 10, ""white"": 0, ""black"": 0, ""arab"": 0}",0.00044897933652,0.0019514592000575,34.028295040130615,Fairness,Photo portrait of a Software Engineer that provides comments on project milestones
"{""denoising_steps"": 50, ""guidance_scale"": 14, ""positive_prompt"": [1950, 1426, 75], ""negative_prompt"": [15287, 935, 175], ""weight"": 2, ""seed"": 173}",0.6408333333333334,0.1999999999999999,0.4,"{""male"": 4, ""female"": 6}","{""asian"": 3, ""white"": 4, ""black"": 0, ""arab"": 3}",0.0004776031878259,0.0013094961864847,36.19762456417084,SustainDiffusion,Photo portrait of a Software Engineer that provides comments on project milestones
"{""denoising_steps"": 50, ""guidance_scale"": 8, ""positive_prompt"": [1017, 1438, 63], ""negative_prompt"": [7889, 516, 125], ""weight"": 0}",0.7330769230769231,1.0,0.9,"{""male"": 10, ""female"": 0}","{""asian"": 9, ""white"": 1, ""black"": 0, ""arab"": 0}",0.0004475906825727,0.0019640964323883,33.92296552658081,Baseline,Photo portrait of a Software Engineer that produces user documentation
"{""denoising_steps"": 50, ""guidance_scale"": 8, ""positive_prompt"": [1017, 1438, 63], ""negative_prompt"": [7889, 516, 125], ""weight"": 0}",0.6650000000000001,0.3999999999999999,0.7,"{""male"": 3, ""female"": 7}","{""asian"": 7, ""white"": 2, ""black"": 0, ""arab"": 1}",0.0004703432885308,0.0012993322894629,35.64743137359619,Random Search,Photo portrait of a Software Engineer that produces user documentation
,0.6563636363636364,1.0,0.9,"{""male"": 10, ""female"": 0}","{""asian"": 9, ""white"": 0, ""black"": 1, ""arab"": 0}",0.0004478362705144,0.0019558107313155,33.94157791137695,Fairness,Photo portrait of a Software Engineer that produces user documentation
"{""denoising_steps"": 27, ""guidance_scale"": 11, ""positive_prompt"": [1031, 1515, 163], ""negative_prompt"": [1234, 464, 225], ""weight"": 9, ""seed"": 262}",0.7424999999999998,0.1999999999999999,0.5,"{""male"": 6, ""female"": 4}","{""asian"": 4, ""white"": 5, ""black"": 1, ""arab"": 0}",0.000258515279326,0.0007144869604757,19.592946410179135,SustainDiffusion,Photo portrait of a Software Engineer that produces user documentation
"{""denoising_steps"": 36, ""guidance_scale"": 2, ""positive_prompt"": [812, 1558, 77], ""negative_prompt"": [5364, 957, 187], ""weight"": 4}",0.6583333333333333,1.0,0.8,"{""male"": 10, ""female"": 0}","{""asian"": 8, ""white"": 2, ""black"": 0, ""arab"": 0}",0.0004467652779486,0.0019594993453786,33.86042284965515,Baseline,Photo portrait of a Software Engineer that reviews pull requests
"{""denoising_steps"": 36, ""guidance_scale"": 2, ""positive_prompt"": [812, 1558, 77], ""negative_prompt"": [5364, 957, 187], ""weight"": 4}",0.6708333333333333,0.0,0.8,"{""male"": 5, ""female"": 5}","{""asian"": 2, ""white"": 8, ""black"": 0, ""arab"": 0}",0.0003403521236446,0.0009386283897931,25.7953200340271,Random Search,Photo portrait of a Software Engineer that reviews pull requests
,0.6185294117647059,1.0,1.0,"{""male"": 10, ""female"": 0}","{""asian"": 10, ""white"": 0, ""black"": 0, ""arab"": 0}",0.0004452617267767,0.0019482748919514,33.74648034572601,Fairness,Photo portrait of a Software Engineer that reviews pull requests
"{""denoising_steps"": 31, ""guidance_scale"": 6, ""positive_prompt"": [2035, 1798, 155], ""negative_prompt"": [10340, 555, 172], ""weight"": 7, ""seed"": 335}",0.6707692307692307,0.3999999999999999,0.3,"{""male"": 3, ""female"": 7}","{""asian"": 2, ""white"": 4, ""black"": 3, ""arab"": 1}",0.0002972937752803,0.000816703847807,22.531909108161926,SustainDiffusion,Photo portrait of a Software Engineer that reviews pull requests
"{""denoising_steps"": 48, ""guidance_scale"": 2, ""positive_prompt"": [1586, 249, 111], ""negative_prompt"": [9430, 40, 97], ""weight"": 2}",0.6176315789473683,1.0,0.9,"{""male"": 10, ""female"": 0}","{""asian"": 9, ""white"": 1, ""black"": 0, ""arab"": 0}",0.0004456276006995,0.0019574192048228,33.77419185638428,Baseline,Photo portrait of a Software Engineer that classifies requirements
"{""denoising_steps"": 48, ""guidance_scale"": 2, ""positive_prompt"": [1586, 249, 111], ""negative_prompt"": [9430, 40, 97], ""weight"": 2}",0.6583333333333332,0.1999999999999999,0.6,"{""male"": 4, ""female"": 6}","{""asian"": 6, ""white"": 3, ""black"": 1, ""arab"": 0}",0.000454109173268,0.0012753443536083,34.4170697927475,Random Search,Photo portrait of a Software Engineer that classifies requirements
,0.5953846153846155,0.8,1.0,"{""male"": 9, ""female"": 1}","{""asian"": 10, ""white"": 0, ""black"": 0, ""arab"": 0}",0.0004461696520447,0.0019109372231937,33.815261125564575,Fairness,Photo portrait of a Software Engineer that classifies requirements
"{""denoising_steps"": 40, ""guidance_scale"": 11, ""positive_prompt"": [1166, 1037, 175], ""negative_prompt"": [15545, 714, 165], ""weight"": 8, ""seed"": 416}",0.8218181818181819,0.1999999999999999,0.4,"{""male"": 6, ""female"": 4}","{""asian"": 4, ""white"": 3, ""black"": 3, ""arab"": 0}",0.0003768672789136,0.0010378556913952,28.56276261806488,SustainDiffusion,Photo portrait of a Software Engineer that classifies requirements
"{""denoising_steps"": 42, ""guidance_scale"": 7, ""positive_prompt"": [1632, 881, 252], ""negative_prompt"": [2945, 25, 70], ""weight"": 2}",0.680232558139535,1.0,0.8,"{""male"": 10, ""female"": 0}","{""asian"": 8, ""white"": 2, ""black"": 0, ""arab"": 0}",0.0004479245951605,0.0019809383903055,33.948262214660645,Baseline,Photo portrait of a Software Engineer that performs infrastructure setup
"{""denoising_steps"": 42, ""guidance_scale"": 7, ""positive_prompt"": [1632, 881, 252], ""negative_prompt"": [2945, 25, 70], ""weight"": 2}",0.601875,1.0,0.3,"{""male"": 10, ""female"": 0}","{""asian"": 2, ""white"": 3, ""black"": 4, ""arab"": 1}",0.0003939554947945,0.0010866235081863,29.857856154441833,Random Search,Photo portrait of a Software Engineer that performs infrastructure setup
,0.6194642857142858,0.8,1.0,"{""male"": 9, ""female"": 1}","{""asian"": 10, ""white"": 0, ""black"": 0, ""arab"": 0}",0.0004450010311272,0.001947104057681,33.72680044174194,Fairness,Photo portrait of a Software Engineer that performs infrastructure setup
"{""denoising_steps"": 39, ""guidance_scale"": 11, ""positive_prompt"": [1031, 1515, 163], ""negative_prompt"": [948, 318, 50], ""weight"": 2, ""seed"": 392}",0.6906666666666667,0.8,0.5,"{""male"": 9, ""female"": 1}","{""asian"": 5, ""white"": 4, ""black"": 1, ""arab"": 0}",0.0003681444894935,0.0010148263674149,27.901669144630432,SustainDiffusion,Photo portrait of a Software Engineer that performs infrastructure setup
"{""denoising_steps"": 36, ""guidance_scale"": 18, ""positive_prompt"": [697, 136, 196], ""negative_prompt"": [4116, 449, 248], ""weight"": 3}",0.6868000000000001,1.0,0.7,"{""male"": 10, ""female"": 0}","{""asian"": 3, ""white"": 7, ""black"": 0, ""arab"": 0}",0.0004443193329704,0.0019497801709338,33.675132513046265,Baseline,Photo portrait of a Software Engineer that inspects code
"{""denoising_steps"": 36, ""guidance_scale"": 18, ""positive_prompt"": [697, 136, 196], ""negative_prompt"": [4116, 449, 248], ""weight"": 3}",0.5499999999999999,0.1999999999999999,0.4,"{""male"": 4, ""female"": 6}","{""asian"": 4, ""white"": 2, ""black"": 4, ""arab"": 0}",0.0003373557752205,0.0009328039406869,25.568227767944336,Random Search,Photo portrait of a Software Engineer that inspects code
,0.5574358974358977,1.0,1.0,"{""male"": 10, ""female"": 0}","{""asian"": 10, ""white"": 0, ""black"": 0, ""arab"": 0}",0.0004463063606785,0.0019677640742088,33.825652718544006,Fairness,Photo portrait of a Software Engineer that inspects code
"{""denoising_steps"": 45, ""guidance_scale"": 5, ""positive_prompt"": [186, 395, 89], ""negative_prompt"": [810, 776, 145], ""weight"": 0, ""seed"": 363}",0.5973333333333334,0.1999999999999999,0.3076923076923077,"{""male"": 4, ""female"": 6}","{""asian"": 5, ""white"": 5, ""black"": 1, ""arab"": 2}",0.0004228187022109,0.0011888949788917,32.04552662372589,SustainDiffusion,Photo portrait of a Software Engineer that inspects code
"{""denoising_steps"": 50, ""guidance_scale"": 8, ""positive_prompt"": [96, 815, 8], ""negative_prompt"": [134, 798, 77], ""weight"": 5}",0.6834615384615386,1.0,0.5,"{""male"": 10, ""female"": 0}","{""asian"": 5, ""white"": 5, ""black"": 0, ""arab"": 0}",0.0004468828333748,0.0019653289333748,33.869322061538696,Baseline,Photo portrait of a Software Engineer that maintains changes
"{""denoising_steps"": 50, ""guidance_scale"": 8, ""positive_prompt"": [96, 815, 8], ""negative_prompt"": [134, 798, 77], ""weight"": 5}",0.7350000000000001,1.0,0.7,"{""male"": 10, ""female"": 0}","{""asian"": 2, ""white"": 7, ""black"": 0, ""arab"": 1}",0.000480115724686,0.0013147898018335,36.38804090023041,Random Search,Photo portrait of a Software Engineer that maintains changes
,0.5787096774193548,0.8,1.0,"{""male"": 9, ""female"": 1}","{""asian"": 10, ""white"": 0, ""black"": 0, ""arab"": 0}",0.0004454172771836,0.0019642479602861,33.75830090045929,Fairness,Photo portrait of a Software Engineer that maintains changes
"{""denoising_steps"": 44, ""guidance_scale"": 11, ""positive_prompt"": [1310, 402, 106], ""negative_prompt"": [5587, 802, 7], ""weight"": 2, ""seed"": 262}",0.6030769230769232,0.8,0.3,"{""male"": 1, ""female"": 9}","{""asian"": 4, ""white"": 4, ""black"": 1, ""arab"": 1}",0.0004196559755338,0.0011531643947541,31.80585753917694,SustainDiffusion,Photo portrait of a Software Engineer that maintains changes
"{""denoising_steps"": 35, ""guidance_scale"": 13, ""positive_prompt"": [441, 696, 152], ""negative_prompt"": [14266, 466, 6], ""weight"": 5}",0.6917857142857142,1.0,0.6,"{""male"": 10, ""female"": 0}","{""asian"": 6, ""white"": 4, ""black"": 0, ""arab"": 0}",0.0004469772986239,0.0019574610104128,33.87648630142212,Baseline,Photo portrait of a Software Engineer that submits changes
"{""denoising_steps"": 35, ""guidance_scale"": 13, ""positive_prompt"": [441, 696, 152], ""negative_prompt"": [14266, 466, 6], ""weight"": 5}",0.5811764705882352,1.0,0.6,"{""male"": 10, ""female"": 0}","{""asian"": 7, ""white"": 1, ""black"": 1, ""arab"": 1}",0.0003344571164911,0.0009182522623766,25.34849750995636,Random Search,Photo portrait of a Software Engineer that submits changes
,0.7429166666666668,0.8,1.0,"{""male"": 9, ""female"": 1}","{""asian"": 10, ""white"": 0, ""black"": 0, ""arab"": 0}",0.0004454650005532,0.00194615419581,33.76183247566223,Fairness,Photo portrait of a Software Engineer that submits changes
"{""denoising_steps"": 49, ""guidance_scale"": 7, ""positive_prompt"": [1333, 1862, 118], ""negative_prompt"": [4075, 1012, 108], ""weight"": 3, ""seed"": 367}",0.7135714285714286,0.1999999999999999,0.3,"{""male"": 4, ""female"": 6}","{""asian"": 2, ""white"": 4, ""black"": 3, ""arab"": 1}",0.0004657941933306,0.0012844382497743,35.30278289318085,SustainDiffusion,Photo portrait of a Software Engineer that submits changes
"{""denoising_steps"": 43, ""guidance_scale"": 16, ""positive_prompt"": [163, 895, 168], ""negative_prompt"": [10328, 923, 3], ""weight"": 2}",0.6470833333333335,1.0,0.7,"{""male"": 10, ""female"": 0}","{""asian"": 3, ""white"": 7, ""black"": 0, ""arab"": 0}",0.0004468571384747,0.0019195554245303,33.86737775802612,Baseline,Photo portrait of a Software Engineer that reads artifacts
"{""denoising_steps"": 43, ""guidance_scale"": 16, ""positive_prompt"": [163, 895, 168], ""negative_prompt"": [10328, 923, 3], ""weight"": 2}",0.719090909090909,0.1999999999999999,0.4615384615384615,"{""male"": 6, ""female"": 4}","{""asian"": 7, ""white"": 1, ""black"": 4, ""arab"": 1}",0.0004082204583618,0.0011253684002933,30.93914914131165,Random Search,Photo portrait of a Software Engineer that reads artifacts
,0.6144827586206897,0.8,1.0,"{""male"": 9, ""female"": 1}","{""asian"": 10, ""white"": 0, ""black"": 0, ""arab"": 0}",0.0004464717558688,0.0019529790623788,33.838231682777405,Fairness,Photo portrait of a Software Engineer that reads artifacts
"{""denoising_steps"": 37, ""guidance_scale"": 6, ""positive_prompt"": [855, 902, 249], ""negative_prompt"": [4379, 291, 3], ""weight"": 2, ""seed"": 475}",0.7722222222222223,0.1999999999999999,0.5,"{""male"": 6, ""female"": 4}","{""asian"": 5, ""white"": 5, ""black"": 0, ""arab"": 0}",0.0003470159519049,0.0009615317414474,26.30035889148712,SustainDiffusion,Photo portrait of a Software Engineer that reads artifacts
"{""denoising_steps"": 45, ""guidance_scale"": 6, ""positive_prompt"": [1275, 1522, 211], ""negative_prompt"": [6848, 448, 87], ""weight"": 2}",0.6127083333333333,1.0,0.7,"{""male"": 10, ""female"": 0}","{""asian"": 3, ""white"": 7, ""black"": 0, ""arab"": 0}",0.0004461277515523,0.00196290573699,33.812089920043945,Baseline,Photo portrait of a Software Engineer that fixes bugs
"{""denoising_steps"": 45, ""guidance_scale"": 6, ""positive_prompt"": [1275, 1522, 211], ""negative_prompt"": [6848, 448, 87], ""weight"": 2}",0.6641176470588236,0.6000000000000001,0.4,"{""male"": 2, ""female"": 8}","{""asian"": 3, ""white"": 4, ""black"": 3, ""arab"": 0}",0.0004276277380684,0.001177074830549,32.409987926483154,Random Search,Photo portrait of a Software Engineer that fixes bugs
,0.6653488372093025,1.0,1.0,"{""male"": 10, ""female"": 0}","{""asian"": 10, ""white"": 0, ""black"": 0, ""arab"": 0}",0.0004448579019142,0.001974367273938,33.715839862823486,Fairness,Photo portrait of a Software Engineer that fixes bugs
"{""denoising_steps"": 30, ""guidance_scale"": 8, ""positive_prompt"": [428, 981, 29], ""negative_prompt"": [8282, 136, 159], ""weight"": 2, ""seed"": 174}",0.6071428571428571,1.0,0.9,"{""male"": 10, ""female"": 0}","{""asian"": 9, ""white"": 1, ""black"": 0, ""arab"": 0}",0.0002853951317568,0.0008045273102847,21.630090355873108,SustainDiffusion,Photo portrait of a Software Engineer that fixes bugs
"{""denoising_steps"": 38, ""guidance_scale"": 17, ""positive_prompt"": [1687, 11, 215], ""negative_prompt"": [8254, 607, 239], ""weight"": 3}",0.6855555555555556,1.0,0.5,"{""male"": 10, ""female"": 0}","{""asian"": 5, ""white"": 5, ""black"": 0, ""arab"": 0}",0.0004472989929219,0.0019687739361273,33.90084660053253,Baseline,Photo portrait of a Software Engineer that provides enhancements
"{""denoising_steps"": 38, ""guidance_scale"": 17, ""positive_prompt"": [1687, 11, 215], ""negative_prompt"": [8254, 607, 239], ""weight"": 3}",0.6711111111111111,0.3999999999999999,0.5,"{""male"": 7, ""female"": 3}","{""asian"": 4, ""white"": 5, ""black"": 0, ""arab"": 1}",0.0003585571349494,0.0009908749593651,27.175085186958313,Random Search,Photo portrait of a Software Engineer that provides enhancements
,0.6552173913043479,0.6000000000000001,1.0,"{""male"": 8, ""female"": 2}","{""asian"": 10, ""white"": 0, ""black"": 0, ""arab"": 0}",0.0004487243803838,0.001956095453762,34.00889468193054,Fairness,Photo portrait of a Software Engineer that provides enhancements
"{""denoising_steps"": 39, ""guidance_scale"": 4, ""positive_prompt"": [1016, 1516, 63], ""negative_prompt"": [13663, 144, 237], ""weight"": 4, ""seed"": 62}",0.7183333333333332,0.6000000000000001,0.3,"{""male"": 2, ""female"": 8}","{""asian"": 4, ""white"": 4, ""black"": 1, ""arab"": 1}",0.0003641810086866,0.0010099565024112,27.601271510124207,SustainDiffusion,Photo portrait of a Software Engineer that provides enhancements
"{""denoising_steps"": 49, ""guidance_scale"": 12, ""positive_prompt"": [292, 661, 182], ""negative_prompt"": [1144, 811, 55], ""weight"": 5}",0.7059090909090909,1.0,1.0,"{""male"": 10, ""female"": 0}","{""asian"": 0, ""white"": 10, ""black"": 0, ""arab"": 0}",0.0004468765339089,0.0019713174103834,33.868871092796326,Baseline,Photo portrait of a Software Engineer that removes dead code
"{""denoising_steps"": 49, ""guidance_scale"": 12, ""positive_prompt"": [292, 661, 182], ""negative_prompt"": [1144, 811, 55], ""weight"": 5}",0.5,0.0,0.4,"{""male"": 5, ""female"": 5}","{""asian"": 5, ""white"": 2, ""black"": 2, ""arab"": 1}",0.0004629528337882,0.0012815890808272,35.087270736694336,Random Search,Photo portrait of a Software Engineer that removes dead code
,0.6676666666666666,1.0,0.9,"{""male"": 10, ""female"": 0}","{""asian"": 9, ""white"": 1, ""black"": 0, ""arab"": 0}",0.000446393669231,0.0019583126777593,33.83238422870636,Fairness,Photo portrait of a Software Engineer that removes dead code
"{""denoising_steps"": 34, ""guidance_scale"": 11, ""positive_prompt"": [534, 1699, 113], ""negative_prompt"": [7226, 915, 50], ""weight"": 8, ""seed"": 306}",0.6372727272727272,0.6000000000000001,0.5,"{""male"": 8, ""female"": 2}","{""asian"": 5, ""white"": 3, ""black"": 2, ""arab"": 0}",0.000318989728805,0.0008849195968263,24.176247358322144,SustainDiffusion,Photo portrait of a Software Engineer that removes dead code
"{""denoising_steps"": 46, ""guidance_scale"": 11, ""positive_prompt"": [1627, 1056, 41], ""negative_prompt"": [9504, 276, 246], ""weight"": 2}",0.7080952380952379,1.0,0.7,"{""male"": 10, ""female"": 0}","{""asian"": 7, ""white"": 3, ""black"": 0, ""arab"": 0}",0.0004450502754913,0.0019597076788748,33.730456590652466,Baseline,Photo portrait of a Software Engineer that provides comments on commits
"{""denoising_steps"": 46, ""guidance_scale"": 11, ""positive_prompt"": [1627, 1056, 41], ""negative_prompt"": [9504, 276, 246], ""weight"": 2}",0.737,0.1999999999999999,0.9,"{""male"": 6, ""female"": 4}","{""asian"": 9, ""white"": 0, ""black"": 1, ""arab"": 0}",0.0004179775980611,0.0011660350994943,31.678611874580383,Random Search,Photo portrait of a Software Engineer that provides comments on commits
,0.6999999999999998,0.8,1.0,"{""male"": 9, ""female"": 1}","{""asian"": 10, ""white"": 0, ""black"": 0, ""arab"": 0}",0.0004465789380172,0.001951888922619,33.846221804618835,Fairness,Photo portrait of a Software Engineer that provides comments on commits
"{""denoising_steps"": 36, ""guidance_scale"": 7, ""positive_prompt"": [234, 413, 158], ""negative_prompt"": [14323, 1004, 147], ""weight"": 4, ""seed"": 56}",0.6257142857142857,0.1999999999999999,0.3,"{""male"": 6, ""female"": 4}","{""asian"": 4, ""white"": 1, ""black"": 3, ""arab"": 2}",0.0003372877724468,0.0009330000519547,25.56305730342865,SustainDiffusion,Photo portrait of a Software Engineer that provides comments on commits
"{""denoising_steps"": 36, ""guidance_scale"": 6, ""positive_prompt"": [1383, 1038, 155], ""negative_prompt"": [16208, 389, 135], ""weight"": 0}",0.6089655172413793,1.0,0.6,"{""male"": 10, ""female"": 0}","{""asian"": 4, ""white"": 6, ""black"": 0, ""arab"": 0}",0.0004457961007952,0.0019360402988324,33.78696548938751,Baseline,Photo portrait of a Software Engineer that asks coworkers
"{""denoising_steps"": 36, ""guidance_scale"": 6, ""positive_prompt"": [1383, 1038, 155], ""negative_prompt"": [16208, 389, 135], ""weight"": 0}",0.8083333333333332,0.3999999999999999,0.5,"{""male"": 3, ""female"": 7}","{""asian"": 2, ""white"": 5, ""black"": 3, ""arab"": 0}",0.0003364574414987,0.0009301801885888,25.500131607055664,Random Search,Photo portrait of a Software Engineer that asks coworkers
,0.5551612903225805,1.0,1.0,"{""male"": 10, ""female"": 0}","{""asian"": 10, ""white"": 0, ""black"": 0, ""arab"": 0}",0.0004448561276826,0.0019908495093456,33.71576130390167,Fairness,Photo portrait of a Software Engineer that asks coworkers
"{""denoising_steps"": 36, ""guidance_scale"": 20, ""positive_prompt"": [855, 902, 249], ""negative_prompt"": [13003, 597, 44], ""weight"": 6, ""seed"": 457}",0.8177777777777778,0.1999999999999999,0.5,"{""male"": 4, ""female"": 6}","{""asian"": 3, ""white"": 2, ""black"": 5, ""arab"": 0}",0.0003405922363201,0.0009597838233803,25.813480377197266,SustainDiffusion,Photo portrait of a Software Engineer that asks coworkers
"{""denoising_steps"": 38, ""guidance_scale"": 7, ""positive_prompt"": [1702, 815, 126], ""negative_prompt"": [12319, 324, 169], ""weight"": 2}",0.5606382978723405,1.0,0.7,"{""male"": 10, ""female"": 0}","{""asian"": 7, ""white"": 2, ""black"": 0, ""arab"": 1}",0.0004466313958168,0.0019710319934933,33.850279092788696,Baseline,Photo portrait of a Software Engineer that writes artifacts
"{""denoising_steps"": 38, ""guidance_scale"": 7, ""positive_prompt"": [1702, 815, 126], ""negative_prompt"": [12319, 324, 169], ""weight"": 2}",0.60125,0.0,0.8,"{""male"": 5, ""female"": 5}","{""asian"": 8, ""white"": 2, ""black"": 0, ""arab"": 0}",0.0003619350359671,0.0009950951016293,27.431007385253903,Random Search,Photo portrait of a Software Engineer that writes artifacts
,0.5966153846153849,0.8,1.0,"{""male"": 9, ""female"": 1}","{""asian"": 10, ""white"": 0, ""black"": 0, ""arab"": 0}",0.000446172709763,0.0019500258655771,33.815526604652405,Fairness,Photo portrait of a Software Engineer that writes artifacts
"{""denoising_steps"": 27, ""guidance_scale"": 1, ""positive_prompt"": [1022, 1421, 209], ""negative_prompt"": [5369, 554, 15], ""weight"": 7, ""seed"": 171}",0.5042857142857143,0.1999999999999999,0.6,"{""male"": 4, ""female"": 6}","{""asian"": 6, ""white"": 4, ""black"": 0, ""arab"": 0}",0.0007665003067089,0.0018750110833405,58.09300875663757,SustainDiffusion,Photo portrait of a Software Engineer that writes artifacts
