Solution,Round,Image Quality,Gender Fitness,Ethnicity Fitness,Duration,CPU Energy,GPU Energy
"{'denoising_steps': 35, 'guidance_scale': 8, 'positive_prompt': [545, 376, 57], 'negative_prompt': [12568, 534, 218], 'weight': 4, 'seed': 47}",round_2,0.8073913043478262, 0.8999999999999999, 0.6304347826086956,20.254196166992188,0.000122070402934,0.0007491628215516
"{'denoising_steps': 34, 'guidance_scale': 4, 'positive_prompt': [1775, 948, 40], 'negative_prompt': [178, 276, 69], 'weight': 2, 'seed': 279}",round_2,0.7721739130434784, 0.10000000000000003, 0.8,20.25618863105774,0.0001213253176157,0.000756112271556
"{'denoising_steps': 37, 'guidance_scale': 10, 'positive_prompt': [1879, 227, 253], 'negative_prompt': [5834, 467, 200], 'weight': 3, 'seed': 198}",round_2,0.7547368421052632, 0.6000000000000001, 0.39999999999999997,20.26007056236267,0.0001221351846525,0.0007563850495517
"{'denoising_steps': 35, 'guidance_scale': 3, 'positive_prompt': [1950, 1426, 75], 'negative_prompt': [6355, 245, 181], 'weight': 6, 'seed': 436}",round_2,0.7495454545454546, 0.5, 0.5,20.245620250701904,0.000121875412778,0.000749691710864
"{'denoising_steps': 46, 'guidance_scale': 3, 'positive_prompt': [1294, 1080, 135], 'negative_prompt': [11448, 813, 222], 'weight': 0, 'seed': 240}",round_2,0.7436363636363637, 0.10000000000000003, 0.7,20.268253564834595,0.0001220798123859,0.000753088380248
"{'denoising_steps': 44, 'guidance_scale': 9, 'positive_prompt': [715, 157, 180], 'negative_prompt': [14242, 886, 88], 'weight': 2, 'seed': 396}",round_2,0.7390476190476191, 0.0, 0.5652173913043479,20.254196166992188,0.000122070402934,0.0007491628215516
"{'denoising_steps': 42, 'guidance_scale': 10, 'positive_prompt': [311, 12, 132], 'negative_prompt': [14321, 623, 56], 'weight': 1, 'seed': 173}",round_2,0.708695652173913, 0.19999999999999996, 0.32608695652173914,20.27496027946472,0.0001216903917966,0.0007569478277797
"{'denoising_steps': 50, 'guidance_scale': 13, 'positive_prompt': [1950, 1426, 75], 'negative_prompt': [11448, 813, 222], 'weight': 2, 'seed': 436}",round_2,0.6952380952380954, 0.10000000000000003, 0.5434782608695653,20.245620250701904,0.000121875412778,0.000749691710864
"{'denoising_steps': 46, 'guidance_scale': 20, 'positive_prompt': [1959, 1599, 174], 'negative_prompt': [4084, 423, 199], 'weight': 1, 'seed': 286}",round_2,0.681, 0.30000000000000004, 0.30000000000000004,20.245620250701904,0.000121875412778,0.000749691710864
"{'denoising_steps': 50, 'guidance_scale': 14, 'positive_prompt': [1950, 1426, 75], 'negative_prompt': [15287, 935, 175], 'weight': 2, 'seed': 173}",round_2,0.6631818181818182, 0.39999999999999997, 0.19999999999999996,20.248602151870728,0.0001221643460647,0.0007483228208799
"{'denoising_steps': 41, 'guidance_scale': 10, 'positive_prompt': [1638, 255, 165], 'negative_prompt': [11555, 829, 241], 'weight': 0, 'seed': 173}",round_2,0.6603333333333332, 0.10000000000000003, 0.5,20.268253564834595,0.0001220798123859,0.000753088380248
"{'denoising_steps': 46, 'guidance_scale': 20, 'positive_prompt': [1182, 1718, 31], 'negative_prompt': [4084, 423, 199], 'weight': 0, 'seed': 286}",round_2,0.648235294117647, 0.0, 0.5,20.26288914680481,0.0001228049087994,0.0007562439383281
"{'denoising_steps': 50, 'guidance_scale': 17, 'positive_prompt': [247, 285, 201], 'negative_prompt': [11448, 813, 222], 'weight': 0, 'seed': 436}",round_2,0.6392, 0.10000000000000003, 0.4782608695652174,20.25555396080017,0.0001219738148011,0.0007579356063476
"{'denoising_steps': 37, 'guidance_scale': 10, 'positive_prompt': [1973, 1319, 121], 'negative_prompt': [5834, 467, 200], 'weight': 3, 'seed': 309}",round_2,0.5807407407407407, 0.0, 0.39999999999999997,20.249887704849243,0.0001217393723914,0.0007503739336316
"{'denoising_steps': 45, 'guidance_scale': 13, 'positive_prompt': [1881, 782, 34], 'negative_prompt': [5324, 808, 207], 'weight': 5, 'seed': 470}",round_8,0.787, 0.8999999999999999, 0.6,20.252339363098145,0.0001217613279645,0.0007531094913764
"{'denoising_steps': 49, 'guidance_scale': 19, 'positive_prompt': [177, 312, 218], 'negative_prompt': [6224, 314, 104], 'weight': 8, 'seed': 350}",round_8,0.7673913043478263, 0.5, 0.8,20.25555396080017,0.0001219738148011,0.0007579356063476
"{'denoising_steps': 25, 'guidance_scale': 4, 'positive_prompt': [1445, 1526, 20], 'negative_prompt': [15054, 851, 80], 'weight': 0, 'seed': 418}",round_8,0.7512000000000001, 0.7, 0.7,19.02489709854126,0.0001143555048176,0.0007091894562401
"{'denoising_steps': 25, 'guidance_scale': 9, 'positive_prompt': [939, 917, 25], 'negative_prompt': [8704, 788, 37], 'weight': 7, 'seed': 90}",round_8,0.7438095238095238, 0.0, 0.5,19.02703976631165,0.0001146263986454,0.0007081950109997
"{'denoising_steps': 36, 'guidance_scale': 6, 'positive_prompt': [1389, 1503, 121], 'negative_prompt': [6224, 314, 104], 'weight': 6, 'seed': 350}",round_8,0.7434615384615384, 0.10000000000000003, 0.49999999999999994,19.030786514282227,0.0001143717639973,0.0007112200134198
"{'denoising_steps': 33, 'guidance_scale': 15, 'positive_prompt': [1317, 831, 173], 'negative_prompt': [14340, 574, 13], 'weight': 9, 'seed': 206}",round_8,0.6363636363636362, 0.8999999999999999, 0.39999999999999997,19.02307438850403,0.0001139423144871,0.0007065411207882
"{'denoising_steps': 49, 'guidance_scale': 19, 'positive_prompt': [177, 312, 218], 'negative_prompt': [15036, 375, 120], 'weight': 8, 'seed': 48}",round_8,0.615238095238095, 0.5, 0.4130434782608696,19.027406454086304,0.0001144553482308,0.0007081952887779
"{'denoising_steps': 26, 'guidance_scale': 19, 'positive_prompt': [778, 581, 118], 'negative_prompt': [6224, 314, 104], 'weight': 8, 'seed': 250}",round_8,0.5944999999999999, 0.19999999999999996, 0.4,19.02489709854126,0.0001143555048176,0.0007091894562401
"{'denoising_steps': 30, 'guidance_scale': 19, 'positive_prompt': [1317, 831, 173], 'negative_prompt': [14340, 574, 13], 'weight': 10, 'seed': 188}",round_8,0.5256666666666667, 0.8999999999999999, 0.29999999999999993,19.02611780166626,0.0001149843864318,0.0007045141747217
"{'denoising_steps': 28, 'guidance_scale': 6, 'positive_prompt': [765, 1493, 102], 'negative_prompt': [3932, 302, 27], 'weight': 8, 'seed': 232}",round_4,0.7739130434782611, 0.39999999999999997, 0.5652173913043478,19.02307438850403,0.0001139423144871,0.0007065411207882
"{'denoising_steps': 28, 'guidance_scale': 14, 'positive_prompt': [1109, 995, 50], 'negative_prompt': [6233, 63, 99], 'weight': 0, 'seed': 173}",round_4,0.7414999999999999, 0.30000000000000004, 0.5,19.02307438850403,0.0001139423144871,0.0007065411207882
"{'denoising_steps': 47, 'guidance_scale': 7, 'positive_prompt': [1109, 995, 50], 'negative_prompt': [6233, 63, 99], 'weight': 4, 'seed': 173}",round_4,0.73375, 0.19999999999999996, 0.8999999999999999,19.022767782211304,0.0001143156625635,0.0007068761210557
"{'denoising_steps': 41, 'guidance_scale': 7, 'positive_prompt': [1362, 1516, 148], 'negative_prompt': [4746, 44, 249], 'weight': 6, 'seed': 173}",round_4,0.7222222222222222, 0.7, 0.28260869565217395,19.027406454086304,0.0001144553482308,0.0007081952887779
"{'denoising_steps': 33, 'guidance_scale': 10, 'positive_prompt': [596, 580, 254], 'negative_prompt': [13329, 799, 153], 'weight': 10, 'seed': 64}",round_4,0.7187999999999998, 0.5, 0.4,19.02861452102661,0.0001144297809881,0.000705129175214
"{'denoising_steps': 34, 'guidance_scale': 11, 'positive_prompt': [1845, 836, 207], 'negative_prompt': [2197, 575, 220], 'weight': 10, 'seed': 299}",round_4,0.7075999999999999, 0.10000000000000003, 0.6,19.02497911453247,0.0001146520503326,0.000703983063186
"{'denoising_steps': 43, 'guidance_scale': 8, 'positive_prompt': [1718, 1658, 115], 'negative_prompt': [7838, 915, 48], 'weight': 7, 'seed': 64}",round_4,0.7054545454545454, 0.30000000000000004, 0.4782608695652174,19.0402250289917,0.0001139456886564,0.0007057180645744
"{'denoising_steps': 33, 'guidance_scale': 10, 'positive_prompt': [596, 580, 254], 'negative_prompt': [13329, 799, 153], 'weight': 10, 'seed': 64}.1",round_4,0.67375, 0.19999999999999996, 0.39999999999999997,24.27248501777649,0.0001454216835594,0.0009057204467977
"{'denoising_steps': 33, 'guidance_scale': 10, 'positive_prompt': [596, 580, 254], 'negative_prompt': [129, 770, 35], 'weight': 10, 'seed': 64}",round_4,0.6449999999999999, 0.10000000000000003, 0.391304347826087,24.26499843597412,0.0001452128586701,0.0009078607262882
"{'denoising_steps': 39, 'guidance_scale': 4, 'positive_prompt': [1016, 1516, 63], 'negative_prompt': [13663, 144, 237], 'weight': 4, 'seed': 62}",round_4,0.6378787878787879, 0.0, 1.2,24.27431344985962,0.0001458167497088,0.0009022393329023
"{'denoising_steps': 47, 'guidance_scale': 7, 'positive_prompt': [1362, 1516, 148], 'negative_prompt': [4746, 44, 249], 'weight': 6, 'seed': 173}",round_4,0.6254285714285713, 0.8999999999999999, 0.25,24.270501136779785,0.0001460323562702,0.0009072357257879
"{'denoising_steps': 33, 'guidance_scale': 10, 'positive_prompt': [596, 580, 254], 'negative_prompt': [129, 770, 35], 'weight': 10, 'seed': 64}.1",round_4,0.6241935483870967, 0.0, 0.6000000000000001,24.266008377075195,0.0001456627720856,0.0009065143363216
"{'denoising_steps': 30, 'guidance_scale': 1, 'positive_prompt': [1109, 995, 50], 'negative_prompt': [14130, 434, 41], 'weight': 6, 'seed': 470}",round_4,0.5299999999999999, 0.0, 0.5,24.27248501777649,0.0001454216835594,0.0009057204467977
"{'denoising_steps': 37, 'guidance_scale': 7, 'positive_prompt': [917, 1549, 151], 'negative_prompt': [958, 929, 211], 'weight': 10, 'seed': 469}",round_6,0.7923809523809526, 0.39999999999999997, 0.5,24.279584884643555,0.0001454308555112,0.0009086290602362
"{'denoising_steps': 48, 'guidance_scale': 3, 'positive_prompt': [341, 539, 3], 'negative_prompt': [8036, 489, 236], 'weight': 8, 'seed': 321}",round_6,0.7383333333333333, 0.30000000000000004, 0.9,24.270501136779785,0.0001460323562702,0.0009072357257879
"{'denoising_steps': 36, 'guidance_scale': 5, 'positive_prompt': [598, 1899, 70], 'negative_prompt': [6978, 802, 124], 'weight': 6, 'seed': 234}",round_6,0.7358333333333332, 0.19999999999999996, 0.8999999999999999,24.270501136779785,0.0001460323562702,0.0009072357257879
"{'denoising_steps': 35, 'guidance_scale': 6, 'positive_prompt': [598, 1899, 70], 'negative_prompt': [6978, 802, 124], 'weight': 4, 'seed': 335}",round_6,0.7238461538461537, 0.19999999999999996, 0.6000000000000001,24.26880669593811,0.0001458163599863,0.0009058429468957
"{'denoising_steps': 33, 'guidance_scale': 8, 'positive_prompt': [1680, 197, 147], 'negative_prompt': [10772, 742, 244], 'weight': 10, 'seed': 321}",round_6,0.7143478260869565, 0.7, 0.39999999999999997,17.773778676986694,0.0001067777659777,0.0006567377476121
"{'denoising_steps': 30, 'guidance_scale': 6, 'positive_prompt': [598, 1899, 70], 'negative_prompt': [6978, 802, 124], 'weight': 4, 'seed': 335}",round_6,0.6848000000000001, 0.0, 0.5,17.77557611465454,0.0001066113608445,0.0006603174726973
"{'denoising_steps': 30, 'guidance_scale': 6, 'positive_prompt': [598, 1899, 70], 'negative_prompt': [6978, 802, 124], 'weight': 4, 'seed': 166}",round_6,0.6637931034482757, 0.0, 0.41304347826086957,17.772350788116455,0.0001072011968719,0.0006568683032717
"{'denoising_steps': 35, 'guidance_scale': 7, 'positive_prompt': [598, 1899, 70], 'negative_prompt': [6978, 802, 124], 'weight': 4, 'seed': 234}",round_6,0.6636666666666665, 0.19999999999999996, 0.3913043478260869,17.775535821914673,0.0001070503214735,0.0006608677509158
"{'denoising_steps': 38, 'guidance_scale': 12, 'positive_prompt': [1415, 202, 216], 'negative_prompt': [16145, 332, 187], 'weight': 10, 'seed': 212}",round_6,0.642, 0.5, 0.3,17.76383376121521,0.0001062860100287,0.0006584296934102
"{'denoising_steps': 27, 'guidance_scale': 18, 'positive_prompt': [693, 754, 37], 'negative_prompt': [8038, 777, 252], 'weight': 0, 'seed': 402}",round_6,0.5857575757575756, 0.10000000000000003, 0.391304347826087,17.773778676986694,0.0001067777659777,0.0006567377476121
"{'denoising_steps': 32, 'guidance_scale': 6, 'positive_prompt': [1903, 1625, 126], 'negative_prompt': [4546, 911, 117], 'weight': 0, 'seed': 87}",round_3,0.7935000000000001, 0.30000000000000004, 0.4130434782608696,17.759979248046875,0.0001070220928398,0.000657318025854
"{'denoising_steps': 47, 'guidance_scale': 14, 'positive_prompt': [1479, 535, 13], 'negative_prompt': [398, 612, 77], 'weight': 7, 'seed': 100}",round_3,0.7815, 0.10000000000000003, 0.8,17.775535821914673,0.0001070503214735,0.0006608677509158
"{'denoising_steps': 45, 'guidance_scale': 6, 'positive_prompt': [1799, 1633, 71], 'negative_prompt': [4882, 706, 201], 'weight': 6, 'seed': 216}",round_3,0.7770833333333332, 0.30000000000000004, 0.3913043478260869,17.775535821914673,0.0001070503214735,0.0006608677509158
"{'denoising_steps': 47, 'guidance_scale': 14, 'positive_prompt': [1162, 1608, 207], 'negative_prompt': [4877, 153, 112], 'weight': 7, 'seed': 352}",round_3,0.7604347826086956, 0.19999999999999996, 0.49999999999999994,17.768340587615967,0.0001069144338648,0.0006595024720459
"{'denoising_steps': 34, 'guidance_scale': 6, 'positive_prompt': [1799, 1633, 71], 'negative_prompt': [4877, 153, 112], 'weight': 10, 'seed': 216}",round_3,0.7560000000000001, 0.0, 0.8999999999999999,17.76383376121521,0.0001062860100287,0.0006584296934102
"{'denoising_steps': 40, 'guidance_scale': 6, 'positive_prompt': [700, 1566, 215], 'negative_prompt': [7820, 836, 19], 'weight': 0, 'seed': 132}",round_3,0.7136, 0.10000000000000003, 0.39130434782608703,17.824557304382324,0.0001062950128137,0.0006624519188496
"{'denoising_steps': 47, 'guidance_scale': 14, 'positive_prompt': [1162, 1608, 207], 'negative_prompt': [7566, 1023, 48], 'weight': 7, 'seed': 352}",round_3,0.7042857142857143, 0.0, 0.5,17.727304458618164,0.0001070286539561,0.0006523255218597
"{'denoising_steps': 47, 'guidance_scale': 14, 'positive_prompt': [1003, 1903, 212], 'negative_prompt': [8784, 454, 112], 'weight': 1, 'seed': 100}",round_3,0.6617391304347826, 0.39999999999999997, 0.30434782608695654,33.13971972465515,0.0001984117531737,0.0012281334825061
"{'denoising_steps': 39, 'guidance_scale': 14, 'positive_prompt': [829, 1500, 76], 'negative_prompt': [4877, 153, 112], 'weight': 7, 'seed': 315}",round_3,0.6438461538461537, 0.5, 0.23913043478260873,33.152740478515625,0.0001983567878519,0.0012284993161317
"{'denoising_steps': 47, 'guidance_scale': 14, 'positive_prompt': [1003, 1903, 212], 'negative_prompt': [11582, 725, 194], 'weight': 1, 'seed': 500}",round_3,0.5856666666666668, 0.10000000000000003, 0.36956521739130443,33.14131832122803,0.0001981075107081,0.001232494319328
"{'denoising_steps': 26, 'guidance_scale': 5, 'positive_prompt': [89, 965, 117], 'negative_prompt': [7744, 921, 207], 'weight': 4, 'seed': 439}",round_1,0.7969565217391303, 0.10000000000000003, 0.7,33.13625693321228,0.0001973597464987,0.0012289048720117
"{'denoising_steps': 29, 'guidance_scale': 11, 'positive_prompt': [534, 1699, 113], 'negative_prompt': [1875, 888, 225], 'weight': 7, 'seed': 190}",round_1,0.782608695652174, 0.7, 0.6,33.14206075668335,0.0001985036279694,0.0012254609803683
"{'denoising_steps': 48, 'guidance_scale': 5, 'positive_prompt': [537, 1436, 254], 'negative_prompt': [5477, 782, 137], 'weight': 1, 'seed': 34}",round_1,0.7404000000000001, 0.39999999999999997, 0.6000000000000001,33.13971972465515,0.0001984117531737,0.0012281334825061
"{'denoising_steps': 29, 'guidance_scale': 11, 'positive_prompt': [534, 1699, 113], 'negative_prompt': [1875, 888, 225], 'weight': 7, 'seed': 190}.1",round_1,0.7384000000000002, 0.8, 0.5,33.14329767227173,0.0001984219598485,0.0012315148741004
"{'denoising_steps': 40, 'guidance_scale': 11, 'positive_prompt': [1166, 1037, 175], 'negative_prompt': [1367, 7, 45], 'weight': 3, 'seed': 416}",round_1,0.7285714285714285, 0.39999999999999997, 0.6,33.13625693321228,0.0001973597464987,0.0012289048720117
"{'denoising_steps': 29, 'guidance_scale': 11, 'positive_prompt': [534, 1699, 113], 'negative_prompt': [1875, 888, 225], 'weight': 7, 'seed': 240}",round_1,0.7265217391304348, 1.0, 0.39999999999999997,33.13625693321228,0.0001973597464987,0.0012289048720117
"{'denoising_steps': 48, 'guidance_scale': 4, 'positive_prompt': [534, 1699, 113], 'negative_prompt': [1875, 888, 225], 'weight': 8, 'seed': 139}",round_1,0.7191304347826086, 0.5, 0.5652173913043479,33.1467547416687,0.0001990081505952,0.00123096626255
"{'denoising_steps': 34, 'guidance_scale': 11, 'positive_prompt': [534, 1699, 113], 'negative_prompt': [7226, 915, 50], 'weight': 8, 'seed': 306}",round_1,0.71875, 0.7, 0.5,33.14206075668335,0.0001985036279694,0.0012254609803683
"{'denoising_steps': 40, 'guidance_scale': 13, 'positive_prompt': [537, 1436, 254], 'negative_prompt': [5477, 782, 137], 'weight': 3, 'seed': 174}",round_1,0.7084, 0.0, 0.7,33.14981818199158,0.0001997634931439,0.001227371537452
"{'denoising_steps': 40, 'guidance_scale': 11, 'positive_prompt': [1166, 1037, 175], 'negative_prompt': [15545, 714, 165], 'weight': 8, 'seed': 416}",round_1,0.7053846153846154, 0.7, 0.29999999999999993,33.13867664337158,0.0001978037426873,0.0012277295932938
"{'denoising_steps': 29, 'guidance_scale': 11, 'positive_prompt': [1162, 1997, 173], 'negative_prompt': [15545, 714, 165], 'weight': 8, 'seed': 306}",round_1,0.6885714285714285, 0.6000000000000001, 0.3999999999999999,33.14345359802246,0.000198158678249,0.0012310276514879
"{'denoising_steps': 27, 'guidance_scale': 20, 'positive_prompt': [437, 8, 128], 'negative_prompt': [15545, 714, 165], 'weight': 0, 'seed': 420}",round_1,0.676875, 0.5, 0.5,33.131701946258545,0.0001976265375455,0.0012281945936658
"{'denoising_steps': 40, 'guidance_scale': 5, 'positive_prompt': [1560, 1917, 151], 'negative_prompt': [4625, 871, 233], 'weight': 10, 'seed': 324}",round_1,0.6303703703703704, 0.10000000000000003, 0.6,33.13867664337158,0.0001978037426873,0.0012277295932938
"{'denoising_steps': 50, 'guidance_scale': 20, 'positive_prompt': [1982, 396, 64], 'negative_prompt': [8154, 175, 205], 'weight': 5, 'seed': 420}",round_1,0.6236842105263158, 0.19999999999999996, 0.49999999999999994,33.135504484176636,0.0001973374178698,0.0012321534857222
"{'denoising_steps': 30, 'guidance_scale': 13, 'positive_prompt': [537, 1436, 254], 'negative_prompt': [5477, 782, 137], 'weight': 3, 'seed': 174}",round_1,0.600625, 0.19999999999999996, 0.391304347826087,33.14345359802246,0.000198158678249,0.0012310276514879
"{'denoising_steps': 49, 'guidance_scale': 12, 'positive_prompt': [1448, 1587, 149], 'negative_prompt': [3445, 54, 205], 'weight': 4, 'seed': 222}",round_1,0.5955882352941175, 0.30000000000000004, 0.30000000000000004,33.14345359802246,0.000198158678249,0.0012310276514879
"{'denoising_steps': 37, 'guidance_scale': 13, 'positive_prompt': [1910, 907, 145], 'negative_prompt': [2616, 609, 89], 'weight': 1, 'seed': 297}",round_10,0.7933333333333334, 0.19999999999999996, 0.7,33.12980818748474,0.000196905205024,0.0012299320950561
"{'denoising_steps': 42, 'guidance_scale': 4, 'positive_prompt': [962, 940, 71], 'negative_prompt': [10181, 273, 211], 'weight': 1, 'seed': 297}",round_10,0.7708695652173911, 0.19999999999999996, 0.3913043478260869,33.13124895095825,0.0001982749161198,0.0012262993143723
"{'denoising_steps': 33, 'guidance_scale': 4, 'positive_prompt': [1895, 1142, 162], 'negative_prompt': [3391, 1001, 68], 'weight': 5, 'seed': 297}",round_10,0.7445454545454543, 0.10000000000000003, 0.8,30.479910373687744,0.0001828665165708,0.0011296106259104
"{'denoising_steps': 37, 'guidance_scale': 8, 'positive_prompt': [971, 2040, 80], 'negative_prompt': [5599, 629, 160], 'weight': 6, 'seed': 127}",round_10,0.7239130434782609, 0.0, 0.5652173913043478,30.500200986862183,0.0001830908031391,0.0011356359085081
"{'denoising_steps': 41, 'guidance_scale': 20, 'positive_prompt': [590, 516, 251], 'negative_prompt': [14548, 183, 38], 'weight': 5, 'seed': 442}",round_10,0.6744444444444444, 0.10000000000000003, 0.5,30.548293590545654,0.000183934646592,0.0011366384093096
"{'denoising_steps': 50, 'guidance_scale': 19, 'positive_prompt': [189, 1337, 55], 'negative_prompt': [15621, 216, 131], 'weight': 3, 'seed': 296}",round_10,0.6539130434782607, 0.8, 0.29999999999999993,30.49030184745789,0.0001829198205024,0.0011321214612518
"{'denoising_steps': 25, 'guidance_scale': 8, 'positive_prompt': [752, 1481, 103], 'negative_prompt': [6728, 329, 217], 'weight': 10, 'seed': 107}",round_10,0.6436363636363635, 0.6000000000000001, 0.29999999999999993,30.478858947753903,0.0001826651005764,0.0011303895154219
"{'denoising_steps': 42, 'guidance_scale': 4, 'positive_prompt': [570, 1017, 102], 'negative_prompt': [3391, 1001, 68], 'weight': 1, 'seed': 297}",round_10,0.625483870967742, 0.10000000000000003, 0.4,30.479910373687744,0.0001828665165708,0.0011296106259104
"{'denoising_steps': 37, 'guidance_scale': 20, 'positive_prompt': [971, 2040, 80], 'negative_prompt': [2768, 518, 207], 'weight': 9, 'seed': 127}",round_10,0.5606250000000002, 0.0, 0.5,30.556578159332275,0.0001837622228429,0.0011328742396319
"{'denoising_steps': 38, 'guidance_scale': 6, 'positive_prompt': [30, 460, 42], 'negative_prompt': [4815, 862, 157], 'weight': 1, 'seed': 153}",round_9,0.7641666666666667, 0.8999999999999999, 1.0,30.49030184745789,0.0001829198205024,0.0011321214612518
"{'denoising_steps': 43, 'guidance_scale': 12, 'positive_prompt': [1669, 1631, 247], 'negative_prompt': [16272, 534, 172], 'weight': 9, 'seed': 402}",round_9,0.7560000000000002, 0.8999999999999999, 0.8,30.49030184745789,0.0001829198205024,0.0011321214612518
"{'denoising_steps': 50, 'guidance_scale': 10, 'positive_prompt': [72, 1207, 118], 'negative_prompt': [4252, 894, 191], 'weight': 1, 'seed': 492}",round_9,0.75, 0.8999999999999999, 0.7,30.49119758605957,0.0001818140348955,0.0011315025718681
"{'denoising_steps': 30, 'guidance_scale': 6, 'positive_prompt': [788, 17, 177], 'negative_prompt': [4331, 207, 103], 'weight': 8, 'seed': 490}",round_9,0.741304347826087, 0.8999999999999999, 0.5,27.921611309051514,0.0001680314730361,0.0010378066635783
"{'denoising_steps': 50, 'guidance_scale': 9, 'positive_prompt': [1811, 1875, 79], 'negative_prompt': [4331, 207, 103], 'weight': 9, 'seed': 507}",round_9,0.7399999999999999, 0.5, 0.7391304347826086,27.93615412712097,0.0001679278660088,0.0010375511078182
"{'denoising_steps': 34, 'guidance_scale': 11, 'positive_prompt': [496, 1709, 83], 'negative_prompt': [14304, 911, 65], 'weight': 0, 'seed': 164}",round_9,0.7296428571428573, 0.8, 0.6000000000000001,27.92478322982788,0.0001676899480407,0.001042279722712
"{'denoising_steps': 26, 'guidance_scale': 11, 'positive_prompt': [1971, 1050, 168], 'negative_prompt': [15511, 790, 218], 'weight': 2, 'seed': 392}",round_9,0.6900000000000001, 0.19999999999999996, 1.0,27.922096014022827,0.000166672663338,0.0010396127761338
"{'denoising_steps': 28, 'guidance_scale': 13, 'positive_prompt': [919, 1075, 109], 'negative_prompt': [8862, 443, 254], 'weight': 6, 'seed': 83}",round_9,0.6892, 0.19999999999999996, 0.5,27.91554307937622,0.0001678615415113,0.001039658887282
"{'denoising_steps': 39, 'guidance_scale': 10, 'positive_prompt': [1350, 579, 108], 'negative_prompt': [16117, 353, 0], 'weight': 9, 'seed': 511}",round_9,0.688, 0.10000000000000003, 0.9,27.921611309051514,0.0001680314730361,0.0010378066635783
"{'denoising_steps': 44, 'guidance_scale': 7, 'positive_prompt': [1418, 530, 249], 'negative_prompt': [15837, 563, 241], 'weight': 0, 'seed': 271}",round_9,0.6819999999999999, 0.0, 1.0,27.92800998687744,0.0001676090765871,0.0010367516627338
"{'denoising_steps': 28, 'guidance_scale': 12, 'positive_prompt': [788, 17, 177], 'negative_prompt': [16272, 534, 172], 'weight': 8, 'seed': 469}",round_9,0.6809999999999999, 1.0, 0.30000000000000004,27.922096014022827,0.000166672663338,0.0010396127761338
"{'denoising_steps': 28, 'guidance_scale': 6, 'positive_prompt': [788, 17, 177], 'negative_prompt': [16272, 534, 172], 'weight': 8, 'seed': 490}",round_9,0.6596875, 0.8, 0.49999999999999994,27.922096014022827,0.000166672663338,0.0010396127761338
"{'denoising_steps': 25, 'guidance_scale': 6, 'positive_prompt': [2037, 1184, 160], 'negative_prompt': [435, 788, 239], 'weight': 1, 'seed': 455}",round_9,0.653, 0.10000000000000003, 0.5,27.916709184646606,0.0001679209657255,0.0010410208328162
"{'denoising_steps': 28, 'guidance_scale': 7, 'positive_prompt': [2005, 710, 189], 'negative_prompt': [1089, 958, 58], 'weight': 6, 'seed': 313}",round_9,0.6518181818181817, 0.0, 0.8,31.094646453857425,0.0001866083209532,0.0011621131519121
"{'denoising_steps': 25, 'guidance_scale': 17, 'positive_prompt': [788, 17, 177], 'negative_prompt': [12953, 445, 137], 'weight': 3, 'seed': 241}",round_9,0.6345833333333333, 0.6000000000000001, 0.39999999999999997,31.19586157798767,0.0001879274917307,0.0011636420420244
"{'denoising_steps': 50, 'guidance_scale': 9, 'positive_prompt': [1811, 1875, 79], 'negative_prompt': [4331, 207, 103], 'weight': 6, 'seed': 507}",round_9,0.6185185185185185, 0.0, 0.5434782608695652,31.12668299674988,0.0001860200446492,0.0011600923169616
"{'denoising_steps': 39, 'guidance_scale': 12, 'positive_prompt': [1350, 144, 232], 'negative_prompt': [12127, 426, 190], 'weight': 9, 'seed': 260}",round_9,0.6168, 0.5, 0.49999999999999994,31.104387283325195,0.0001863361893466,0.0011601300947696
"{'denoising_steps': 34, 'guidance_scale': 11, 'positive_prompt': [1499, 1133, 71], 'negative_prompt': [14304, 911, 65], 'weight': 8, 'seed': 164}",round_9,0.6143478260869566, 0.10000000000000003, 0.29999999999999993,31.0937077999115,0.0001861448783602,0.0011610445399456
"{'denoising_steps': 26, 'guidance_scale': 17, 'positive_prompt': [135, 712, 221], 'negative_prompt': [14304, 911, 65], 'weight': 0, 'seed': 130}",round_9,0.5574074074074074, 0.0, 0.5,31.094646453857425,0.0001866083209532,0.0011621131519121
"{'denoising_steps': 26, 'guidance_scale': 20, 'positive_prompt': [2002, 899, 71], 'negative_prompt': [14304, 911, 65], 'weight': 0, 'seed': 467}",round_9,0.5384210526315789, 0.30000000000000004, 0.19999999999999996,31.204283237457275,0.0001873722423976,0.0011606598174158
"{'denoising_steps': 32, 'guidance_scale': 16, 'positive_prompt': [1796, 383, 82], 'negative_prompt': [13135, 894, 74], 'weight': 5, 'seed': 161}",round_5,0.8227777777777776, 0.7, 0.6,31.104387283325195,0.0001863361893466,0.0011601300947696
"{'denoising_steps': 44, 'guidance_scale': 15, 'positive_prompt': [855, 902, 249], 'negative_prompt': [7608, 964, 10], 'weight': 3, 'seed': 259}",round_5,0.8057894736842105, 0.6000000000000001, 0.5,31.104387283325195,0.0001863361893466,0.0011601300947696
"{'denoising_steps': 37, 'guidance_scale': 6, 'positive_prompt': [855, 902, 249], 'negative_prompt': [4379, 291, 3], 'weight': 2, 'seed': 475}",round_5,0.7899999999999999, 0.39999999999999997, 1.0,24.84711980819702,0.000150300011351,0.0009301168552036
"{'denoising_steps': 30, 'guidance_scale': 8, 'positive_prompt': [855, 902, 249], 'negative_prompt': [8312, 316, 118], 'weight': 2, 'seed': 475}",round_5,0.7885, 0.39999999999999997, 0.7999999999999999,24.90497875213623,0.0001503212549791,0.0009328029684638
"{'denoising_steps': 37, 'guidance_scale': 7, 'positive_prompt': [855, 902, 249], 'negative_prompt': [4379, 291, 3], 'weight': 2, 'seed': 259}",round_5,0.7733333333333332, 0.19999999999999996, 0.9,24.843433141708378,0.0001504588042558,0.0009313632450904
"{'denoising_steps': 31, 'guidance_scale': 6, 'positive_prompt': [595, 41, 151], 'negative_prompt': [13135, 894, 74], 'weight': 5, 'seed': 161}",round_5,0.7704545454545453, 0.6000000000000001, 0.39999999999999997,24.856563806533813,0.0001496446986045,0.0009281382425099
"{'denoising_steps': 38, 'guidance_scale': 10, 'positive_prompt': [1819, 434, 217], 'negative_prompt': [16290, 99, 87], 'weight': 2, 'seed': 475}",round_5,0.762608695652174, 0.5, 0.5,24.83785343170166,0.0001504309486779,0.0009285196317039
"{'denoising_steps': 25, 'guidance_scale': 15, 'positive_prompt': [1391, 730, 165], 'negative_prompt': [9274, 970, 13], 'weight': 2, 'seed': 166}",round_5,0.7468181818181818, 0.19999999999999996, 0.5652173913043478,24.84711980819702,0.000150300011351,0.0009301168552036
"{'denoising_steps': 50, 'guidance_scale': 3, 'positive_prompt': [855, 902, 249], 'negative_prompt': [1077, 731, 178], 'weight': 6, 'seed': 475}",round_5,0.7354166666666667, 0.10000000000000003, 0.8999999999999999,24.91197419166565,0.0001497286725606,0.0009292315767179
"{'denoising_steps': 26, 'guidance_scale': 6, 'positive_prompt': [1796, 383, 82], 'negative_prompt': [13135, 894, 74], 'weight': 5, 'seed': 161}",round_5,0.7204166666666666, 0.10000000000000003, 0.7,24.856563806533813,0.0001496446986045,0.0009281382425099
"{'denoising_steps': 50, 'guidance_scale': 3, 'positive_prompt': [855, 902, 249], 'negative_prompt': [1077, 731, 178], 'weight': 1, 'seed': 475}",round_5,0.6891666666666668, 0.0, 0.8999999999999999,24.856563806533813,0.0001496446986045,0.0009281382425099
"{'denoising_steps': 48, 'guidance_scale': 6, 'positive_prompt': [1124, 440, 111], 'negative_prompt': [3123, 596, 142], 'weight': 0, 'seed': 318}",round_5,0.6791176470588238, 0.6000000000000001, 0.30434782608695654,24.862892389297485,0.0001501670568002,0.0009304251887845
"{'denoising_steps': 36, 'guidance_scale': 20, 'positive_prompt': [855, 902, 249], 'negative_prompt': [13003, 597, 44], 'weight': 6, 'seed': 457}",round_5,0.6715, 0.5, 0.49999999999999994,24.83785343170166,0.0001504309486779,0.0009285196317039
"{'denoising_steps': 50, 'guidance_scale': 3, 'positive_prompt': [855, 902, 249], 'negative_prompt': [1077, 731, 178], 'weight': 1, 'seed': 475}.1",round_5,0.6692857142857143, 0.0, 0.8,24.85014510154724,0.0001500460039255,0.0009297571326936
"{'denoising_steps': 50, 'guidance_scale': 3, 'positive_prompt': [855, 902, 249], 'negative_prompt': [1077, 731, 178], 'weight': 6, 'seed': 457}",round_5,0.6691666666666666, 0.39999999999999997, 0.5,24.918739557266235,0.0001499435160658,0.0009293710212738
"{'denoising_steps': 33, 'guidance_scale': 20, 'positive_prompt': [855, 902, 249], 'negative_prompt': [1077, 731, 178], 'weight': 5, 'seed': 475}",round_5,0.6576, 0.39999999999999997, 0.4565217391304348,24.850610494613647,0.0001496596861165,0.0009302712997718
"{'denoising_steps': 30, 'guidance_scale': 20, 'positive_prompt': [855, 902, 249], 'negative_prompt': [3541, 545, 179], 'weight': 10, 'seed': 475}",round_5,0.6534782608695654, 0.10000000000000003, 0.6000000000000001,24.859004259109497,0.000149600278569,0.0009311535226999
"{'denoising_steps': 30, 'guidance_scale': 20, 'positive_prompt': [855, 902, 249], 'negative_prompt': [8312, 316, 118], 'weight': 2, 'seed': 475}",round_5,0.6534782608695653, 0.30000000000000004, 0.5,24.918739557266235,0.0001499435160658,0.0009293710212738
"{'denoising_steps': 30, 'guidance_scale': 20, 'positive_prompt': [855, 902, 249], 'negative_prompt': [3111, 863, 233], 'weight': 2, 'seed': 475}",round_5,0.6358333333333334, 0.0, 0.7000000000000001,24.91279625892639,0.0001500562614337,0.0009353288038185
"{'denoising_steps': 37, 'guidance_scale': 20, 'positive_prompt': [855, 902, 249], 'negative_prompt': [7072, 859, 181], 'weight': 6, 'seed': 457}",round_5,0.6045454545454545, 0.19999999999999996, 0.5,24.850610494613647,0.0001496596861165,0.0009302712997718
"{'denoising_steps': 28, 'guidance_scale': 20, 'positive_prompt': [275, 874, 150], 'negative_prompt': [8744, 706, 61], 'weight': 9, 'seed': 88}",round_5,0.6023809523809524, 0.7, 0.19999999999999998,24.850610494613647,0.0001496596861165,0.0009302712997718
"{'denoising_steps': 27, 'guidance_scale': 8, 'positive_prompt': [1531, 580, 46], 'negative_prompt': [6406, 90, 232], 'weight': 4, 'seed': 372}",round_7,0.7882608695652175, 0.30000000000000004, 0.6000000000000001,24.911373138427734,0.0001497125322699,0.0009290835210435
"{'denoising_steps': 29, 'guidance_scale': 12, 'positive_prompt': [1486, 1085, 25], 'negative_prompt': [625, 65, 237], 'weight': 5, 'seed': 10}",round_7,0.7323529411764708, 0.19999999999999996, 0.5,23.805407285690308,0.0001428419353845,0.0008928843254181
"{'denoising_steps': 27, 'guidance_scale': 8, 'positive_prompt': [1531, 580, 46], 'negative_prompt': [5094, 511, 127], 'weight': 4, 'seed': 372}",round_7,0.7308, 0.10000000000000003, 0.7000000000000001,23.852150917053223,0.0001428115025824,0.0008882432105941
"{'denoising_steps': 37, 'guidance_scale': 4, 'positive_prompt': [585, 695, 236], 'negative_prompt': [14323, 1004, 147], 'weight': 6, 'seed': 316}",round_7,0.7255, 0.10000000000000003, 0.5,23.807396411895752,0.0001422612546422,0.0008883270995498
"{'denoising_steps': 39, 'guidance_scale': 15, 'positive_prompt': [1531, 580, 46], 'negative_prompt': [1804, 803, 59], 'weight': 0, 'seed': 64}",round_7,0.7245, 0.10000000000000003, 0.49999999999999994,23.861618041992188,0.0001435374806632,0.000890543490212
"{'denoising_steps': 29, 'guidance_scale': 12, 'positive_prompt': [1486, 1085, 25], 'negative_prompt': [625, 65, 237], 'weight': 5, 'seed': 10}.1",round_7,0.7180952380952382, 0.0, 0.6000000000000001,23.806406021118164,0.0001423272913617,0.0008872668209241
"{'denoising_steps': 29, 'guidance_scale': 12, 'positive_prompt': [585, 695, 236], 'negative_prompt': [850, 950, 98], 'weight': 10, 'seed': 478}",round_7,0.6765217391304349, 0.10000000000000003, 0.29999999999999993,23.805407285690308,0.0001428419353845,0.0008928843254181
"{'denoising_steps': 39, 'guidance_scale': 15, 'positive_prompt': [1531, 580, 46], 'negative_prompt': [5094, 511, 127], 'weight': 0, 'seed': 372}",round_7,0.6747368421052632, 0.0, 0.6,23.856998443603516,0.0001429038521007,0.0008868359872464
"{'denoising_steps': 29, 'guidance_scale': 12, 'positive_prompt': [1486, 1085, 25], 'negative_prompt': [625, 65, 237], 'weight': 4, 'seed': 10}",round_7,0.6413636363636365, 0.0, 0.5,23.861618041992188,0.0001435374806632,0.000890543490212
"{'denoising_steps': 36, 'guidance_scale': 7, 'positive_prompt': [234, 413, 158], 'negative_prompt': [14323, 1004, 147], 'weight': 4, 'seed': 56}",round_7,0.5775675675675676, 0.39999999999999997, 0.2586206896551724,23.861618041992188,0.0001435374806632,0.000890543490212
